timestamp,gpu_index,utilization_pct,memory_used_mib,memory_total_mib
2026-09-27T06:32:26.136428+00:00,0,0,12455,15360
2026-09-27T06:32:26.136428+00:00,1,0,12093,15360
2026-09-27T06:32:27.174555+00:00,0,0,12455,15360
2026-09-27T06:32:27.174555+00:00,1,0,12093,15360
2026-09-27T06:32:28.211582+00:00,0,0,12455,15360
2026-09-27T06:32:28.211582+00:00,1,0,12093,15360
2026-09-27T06:32:29.248074+00:00,0,0,12455,15360
2026-09-27T06:32:29.248074+00:00,1,0,12093,15360
2026-09-27T06:32:30.285677+00:00,0,0,12455,15360
2026-09-27T06:32:30.285677+00:00,1,0,12093,15360
2026-09-27T06:32:31.322850+00:00,0,0,12455,15360
2026-09-27T06:32:31.322850+00:00,1,0,12093,15360
2026-09-27T06:32:32.360050+00:00,0,0,12455,15360
2026-09-27T06:32:32.360050+00:00,1,0,12093,15360
2026-09-27T06:32:33.396340+00:00,0,0,12455,15360
2026-09-27T06:32:33.396340+00:00,1,0,12093,15360
2026-09-27T06:32:34.434212+00:00,0,0,12455,15360
2026-09-27T06:32:34.434212+00:00,1,0,12093,15360
2026-09-27T06:32:35.472729+00:00,0,0,12455,15360
2026-09-27T06:32:35.472729+00:00,1,0,12093,15360
2026-09-27T06:32:36.509356+00:00,0,0,12455,15360
2026-09-27T06:32:36.509356+00:00,1,0,12093,15360
2026-09-27T06:32:37.545387+00:00,0,0,12455,15360
2026-09-27T06:32:37.545387+00:00,1,0,12093,15360
2026-09-27T06:32:38.581867+00:00,0,0,12455,15360
2026-09-27T06:32:38.581867+00:00,1,0,12093,15360
2026-09-27T06:32:39.618947+00:00,0,0,12455,15360
2026-09-27T06:32:39.618947+00:00,1,0,12093,15360
2026-09-27T06:32:40.655283+00:00,0,0,12455,15360
2026-09-27T06:32:40.655283+00:00,1,0,12093,15360
2026-09-27T06:32:41.691841+00:00,0,0,12455,15360
2026-09-27T06:32:41.691841+00:00,1,0,12093,15360
2026-09-27T06:32:42.728847+00:00,0,0,12455,15360
2026-09-27T06:32:42.728847+00:00,1,0,12093,15360
2026-09-27T06:32:43.783085+00:00,0,0,12455,15360
2026-09-27T06:32:43.783085+00:00,1,0,12093,15360
2026-09-27T06:32:44.824620+00:00,0,0,12455,15360
2026-09-27T06:32:44.824620+00:00,1,0,12093,15360
2026-09-27T06:32:45.862168+00:00,0,0,12455,15360
2026-09-27T06:32:45.862168+00:00,1,0,12093,15360
2026-09-27T06:32:46.899986+00:00,0,0,12455,15360
2026-09-27T06:32:46.899986+00:00,1,0,12093,15360
2026-09-27T06:32:47.937223+00:00,0,0,12455,15360
2026-09-27T06:32:47.937223+00:00,1,0,12093,15360
2026-09-27T06:32:48.974671+00:00,0,0,12455,15360
2026-09-27T06:32:48.974671+00:00,1,0,12093,15360
2026-09-27T06:32:50.011490+00:00,0,0,12455,15360
2026-09-27T06:32:50.011490+00:00,1,0,12093,15360
2026-09-27T06:32:51.048186+00:00,0,0,12455,15360
2026-09-27T06:32:51.048186+00:00,1,0,12093,15360
2026-09-27T06:32:52.086551+00:00,0,0,12455,15360
2026-09-27T06:32:52.086551+00:00,1,0,12093,15360
2026-09-27T06:32:53.123626+00:00,0,0,12455,15360
2026-09-27T06:32:53.123626+00:00,1,0,12093,15360
2026-09-27T06:32:54.165720+00:00,0,55,12455,15360
2026-09-27T06:32:54.165720+00:00,1,34,12093,15360
2026-09-27T06:32:55.216147+00:00,0,100,12455,15360
2026-09-27T06:32:55.216147+00:00,1,66,12111,15360
2026-09-27T06:32:56.258776+00:00,0,0,12455,15360
2026-09-27T06:32:56.258776+00:00,1,0,12111,15360
2026-09-27T06:32:57.301801+00:00,0,100,12455,15360
2026-09-27T06:32:57.301801+00:00,1,0,12111,15360
2026-09-27T06:32:58.344077+00:00,0,100,12455,15360
2026-09-27T06:32:58.344077+00:00,1,0,12141,15360
2026-09-27T06:32:59.380031+00:00,0,100,12455,15360
2026-09-27T06:32:59.380031+00:00,1,0,12141,15360
2026-09-27T06:33:00.415904+00:00,0,100,12455,15360
2026-09-27T06:33:00.415904+00:00,1,0,12141,15360
2026-09-27T06:33:01.472801+00:00,0,100,12455,15360
2026-09-27T06:33:01.472801+00:00,1,100,12187,15360
2026-09-27T06:33:02.526640+00:00,0,100,12455,15360
2026-09-27T06:33:02.526640+00:00,1,100,12187,15360
2026-09-27T06:33:03.571851+00:00,0,100,12455,15360
2026-09-27T06:33:03.571851+00:00,1,99,12187,15360
2026-09-27T06:33:04.606872+00:00,0,100,12455,15360
2026-09-27T06:33:04.606872+00:00,1,0,12187,15360
2026-09-27T06:33:05.642544+00:00,0,100,12455,15360
2026-09-27T06:33:05.642544+00:00,1,0,12187,15360
2026-09-27T06:33:06.693840+00:00,0,100,12455,15360
2026-09-27T06:33:06.693840+00:00,1,100,12187,15360
2026-09-27T06:33:07.754565+00:00,0,100,12455,15360
2026-09-27T06:33:07.754565+00:00,1,100,12187,15360
2026-09-27T06:33:08.816915+00:00,0,100,12455,15360
2026-09-27T06:33:08.816915+00:00,1,100,12187,15360
2026-09-27T06:33:09.883903+00:00,0,100,12455,15360
2026-09-27T06:33:09.883903+00:00,1,100,12187,15360
2026-09-27T06:33:10.934787+00:00,0,100,12455,15360
2026-09-27T06:33:10.934787+00:00,1,100,12187,15360
2026-09-27T06:33:11.982449+00:00,0,100,12455,15360
2026-09-27T06:33:11.982449+00:00,1,100,12187,15360
2026-09-27T06:33:13.033779+00:00,0,100,12455,15360
2026-09-27T06:33:13.033779+00:00,1,100,12187,15360
2026-09-27T06:33:14.081795+00:00,0,100,12455,15360
2026-09-27T06:33:14.081795+00:00,1,100,12187,15360
2026-09-27T06:33:15.131643+00:00,0,100,12455,15360
2026-09-27T06:33:15.131643+00:00,1,100,12187,15360
2026-09-27T06:33:16.182886+00:00,0,100,12455,15360
2026-09-27T06:33:16.182886+00:00,1,100,12187,15360
2026-09-27T06:33:17.235768+00:00,0,100,12455,15360
2026-09-27T06:33:17.235768+00:00,1,100,12187,15360
2026-09-27T06:33:18.291841+00:00,0,100,12455,15360
2026-09-27T06:33:18.291841+00:00,1,100,12187,15360
2026-09-27T06:33:19.340812+00:00,0,100,12455,15360
2026-09-27T06:33:19.340812+00:00,1,100,12187,15360
2026-09-27T06:33:20.401807+00:00,0,100,12455,15360
2026-09-27T06:33:20.401807+00:00,1,100,12187,15360
2026-09-27T06:33:21.455806+00:00,0,100,12455,15360
2026-09-27T06:33:21.455806+00:00,1,100,12187,15360
2026-09-27T06:33:22.509354+00:00,0,100,12455,15360
2026-09-27T06:33:22.509354+00:00,1,100,12187,15360
2026-09-27T06:33:23.556363+00:00,0,100,12455,15360
2026-09-27T06:33:23.556363+00:00,1,100,12187,15360
2026-09-27T06:33:24.606051+00:00,0,100,12455,15360
2026-09-27T06:33:24.606051+00:00,1,100,12187,15360
2026-09-27T06:33:25.665831+00:00,0,100,12455,15360
2026-09-27T06:33:25.665831+00:00,1,100,12187,15360
2026-09-27T06:33:26.715647+00:00,0,100,12455,15360
2026-09-27T06:33:26.715647+00:00,1,100,12187,15360
2026-09-27T06:33:27.769785+00:00,0,100,12455,15360
2026-09-27T06:33:27.769785+00:00,1,100,12187,15360
2026-09-27T06:33:28.821215+00:00,0,100,12455,15360
2026-09-27T06:33:28.821215+00:00,1,100,12187,15360
2026-09-27T06:33:29.882039+00:00,0,100,12455,15360
2026-09-27T06:33:29.882039+00:00,1,100,12187,15360
2026-09-27T06:33:30.933388+00:00,0,100,12455,15360
2026-09-27T06:33:30.933388+00:00,1,100,12187,15360
2026-09-27T06:33:31.991791+00:00,0,100,12455,15360
2026-09-27T06:33:31.991791+00:00,1,100,12187,15360
2026-09-27T06:33:33.050255+00:00,0,100,12455,15360
2026-09-27T06:33:33.050255+00:00,1,100,12187,15360
2026-09-27T06:33:34.101115+00:00,0,100,12455,15360
2026-09-27T06:33:34.101115+00:00,1,100,12187,15360
2026-09-27T06:33:35.154330+00:00,0,100,12455,15360
2026-09-27T06:33:35.154330+00:00,1,100,12187,15360
2026-09-27T06:33:36.202908+00:00,0,100,12455,15360
2026-09-27T06:33:36.202908+00:00,1,100,12187,15360
2026-09-27T06:33:37.254990+00:00,0,100,12455,15360
2026-09-27T06:33:37.254990+00:00,1,100,12187,15360
2026-09-27T06:33:38.305049+00:00,0,100,12455,15360
2026-09-27T06:33:38.305049+00:00,1,100,12187,15360
2026-09-27T06:33:39.360002+00:00,0,100,12455,15360
2026-09-27T06:33:39.360002+00:00,1,100,12187,15360
2026-09-27T06:33:40.412440+00:00,0,100,12455,15360
2026-09-27T06:33:40.412440+00:00,1,100,12187,15360
2026-09-27T06:33:41.467167+00:00,0,100,12455,15360
2026-09-27T06:33:41.467167+00:00,1,100,12187,15360
2026-09-27T06:33:42.519831+00:00,0,100,12455,15360
2026-09-27T06:33:42.519831+00:00,1,100,12187,15360
2026-09-27T06:33:43.569565+00:00,0,100,12455,15360
2026-09-27T06:33:43.569565+00:00,1,100,12187,15360
2026-09-27T06:33:44.620802+00:00,0,100,12455,15360
2026-09-27T06:33:44.620802+00:00,1,100,12187,15360
2026-09-27T06:33:45.675819+00:00,0,100,12455,15360
2026-09-27T06:33:45.675819+00:00,1,100,12187,15360
2026-09-27T06:33:46.726782+00:00,0,100,12455,15360
2026-09-27T06:33:46.726782+00:00,1,100,12187,15360
2026-09-27T06:33:47.777753+00:00,0,100,12455,15360
2026-09-27T06:33:47.777753+00:00,1,100,12187,15360
2026-09-27T06:33:48.829819+00:00,0,100,12455,15360
2026-09-27T06:33:48.829819+00:00,1,100,12187,15360
2026-09-27T06:33:49.890785+00:00,0,100,12455,15360
2026-09-27T06:33:49.890785+00:00,1,100,12187,15360
2026-09-27T06:33:50.944817+00:00,0,100,12455,15360
2026-09-27T06:33:50.944817+00:00,1,100,12187,15360
2026-09-27T06:33:51.998840+00:00,0,100,12455,15360
2026-09-27T06:33:51.998840+00:00,1,100,12187,15360
2026-09-27T06:33:53.051869+00:00,0,100,12455,15360
2026-09-27T06:33:53.051869+00:00,1,100,12187,15360
2026-09-27T06:33:54.100845+00:00,0,100,12455,15360
2026-09-27T06:33:54.100845+00:00,1,100,12187,15360
2026-09-27T06:33:55.146365+00:00,0,100,12455,15360
2026-09-27T06:33:55.146365+00:00,1,100,12187,15360
2026-09-27T06:33:56.201412+00:00,0,100,12455,15360
2026-09-27T06:33:56.201412+00:00,1,100,12187,15360
2026-09-27T06:33:57.251508+00:00,0,100,12455,15360
2026-09-27T06:33:57.251508+00:00,1,100,12187,15360
2026-09-27T06:33:58.304961+00:00,0,100,12455,15360
2026-09-27T06:33:58.304961+00:00,1,100,12187,15360
2026-09-27T06:33:59.355464+00:00,0,100,12455,15360
2026-09-27T06:33:59.355464+00:00,1,100,12187,15360
2026-09-27T06:34:00.410153+00:00,0,100,12455,15360
2026-09-27T06:34:00.410153+00:00,1,100,12187,15360
2026-09-27T06:34:01.459846+00:00,0,100,12455,15360
2026-09-27T06:34:01.459846+00:00,1,100,12187,15360
2026-09-27T06:34:02.516677+00:00,0,100,12455,15360
2026-09-27T06:34:02.516677+00:00,1,100,12187,15360
2026-09-27T06:34:03.570021+00:00,0,100,12455,15360
2026-09-27T06:34:03.570021+00:00,1,100,12187,15360
2026-09-27T06:34:04.625254+00:00,0,100,12455,15360
2026-09-27T06:34:04.625254+00:00,1,100,12187,15360
2026-09-27T06:34:05.676514+00:00,0,100,12455,15360
2026-09-27T06:34:05.676514+00:00,1,100,12187,15360
2026-09-27T06:34:06.728476+00:00,0,100,12455,15360
2026-09-27T06:34:06.728476+00:00,1,100,12187,15360
2026-09-27T06:34:07.780102+00:00,0,100,12455,15360
2026-09-27T06:34:07.780102+00:00,1,100,12187,15360
2026-09-27T06:34:08.835859+00:00,0,100,12455,15360
2026-09-27T06:34:08.835859+00:00,1,100,12187,15360
2026-09-27T06:34:09.901092+00:00,0,100,12455,15360
2026-09-27T06:34:09.901092+00:00,1,100,12187,15360
2026-09-27T06:34:10.952289+00:00,0,100,12455,15360
2026-09-27T06:34:10.952289+00:00,1,100,12187,15360
2026-09-27T06:34:12.006132+00:00,0,100,12455,15360
2026-09-27T06:34:12.006132+00:00,1,100,12187,15360
2026-09-27T06:34:13.058301+00:00,0,100,12455,15360
2026-09-27T06:34:13.058301+00:00,1,100,12187,15360
2026-09-27T06:34:14.107786+00:00,0,100,12455,15360
2026-09-27T06:34:14.107786+00:00,1,100,12187,15360
2026-09-27T06:34:15.155783+00:00,0,100,12455,15360
2026-09-27T06:34:15.155783+00:00,1,100,12187,15360
2026-09-27T06:34:16.208290+00:00,0,100,12455,15360
2026-09-27T06:34:16.208290+00:00,1,100,12187,15360
2026-09-27T06:34:17.258049+00:00,0,100,12455,15360
2026-09-27T06:34:17.258049+00:00,1,100,12187,15360
2026-09-27T06:34:18.309862+00:00,0,100,12455,15360
2026-09-27T06:34:18.309862+00:00,1,100,12187,15360
2026-09-27T06:34:19.360671+00:00,0,100,12455,15360
2026-09-27T06:34:19.360671+00:00,1,100,12187,15360
2026-09-27T06:34:20.412512+00:00,0,100,12455,15360
2026-09-27T06:34:20.412512+00:00,1,100,12187,15360
2026-09-27T06:34:21.468516+00:00,0,100,12455,15360
2026-09-27T06:34:21.468516+00:00,1,100,12187,15360
2026-09-27T06:34:22.519086+00:00,0,100,12455,15360
2026-09-27T06:34:22.519086+00:00,1,100,12187,15360
2026-09-27T06:34:23.573589+00:00,0,100,12455,15360
2026-09-27T06:34:23.573589+00:00,1,100,12187,15360
2026-09-27T06:34:24.626151+00:00,0,100,12455,15360
2026-09-27T06:34:24.626151+00:00,1,100,12187,15360
2026-09-27T06:34:25.677826+00:00,0,100,12455,15360
2026-09-27T06:34:25.677826+00:00,1,100,12187,15360
2026-09-27T06:34:26.731764+00:00,0,100,12455,15360
2026-09-27T06:34:26.731764+00:00,1,100,12187,15360
2026-09-27T06:34:27.784201+00:00,0,100,12455,15360
2026-09-27T06:34:27.784201+00:00,1,100,12187,15360
2026-09-27T06:34:28.836782+00:00,0,100,12455,15360
2026-09-27T06:34:28.836782+00:00,1,100,12187,15360
2026-09-27T06:34:29.894443+00:00,0,100,12455,15360
2026-09-27T06:34:29.894443+00:00,1,100,12187,15360
2026-09-27T06:34:30.949802+00:00,0,100,12455,15360
2026-09-27T06:34:30.949802+00:00,1,100,12187,15360
2026-09-27T06:34:32.000322+00:00,0,100,12455,15360
2026-09-27T06:34:32.000322+00:00,1,100,12187,15360
2026-09-27T06:34:33.053826+00:00,0,100,12455,15360
2026-09-27T06:34:33.053826+00:00,1,100,12187,15360
2026-09-27T06:34:34.106498+00:00,0,100,12455,15360
2026-09-27T06:34:34.106498+00:00,1,100,12187,15360
2026-09-27T06:34:35.157925+00:00,0,100,12455,15360
2026-09-27T06:34:35.157925+00:00,1,100,12187,15360
2026-09-27T06:34:36.214611+00:00,0,100,12455,15360
2026-09-27T06:34:36.214611+00:00,1,100,12187,15360
2026-09-27T06:34:37.266782+00:00,0,100,12455,15360
2026-09-27T06:34:37.266782+00:00,1,100,12187,15360
2026-09-27T06:34:38.320813+00:00,0,100,12455,15360
2026-09-27T06:34:38.320813+00:00,1,100,12187,15360
2026-09-27T06:34:39.377897+00:00,0,100,12455,15360
2026-09-27T06:34:39.377897+00:00,1,100,12187,15360
2026-09-27T06:34:40.437770+00:00,0,100,12455,15360
2026-09-27T06:34:40.437770+00:00,1,100,12187,15360
2026-09-27T06:34:41.489255+00:00,0,100,12455,15360
2026-09-27T06:34:41.489255+00:00,1,100,12187,15360
2026-09-27T06:34:42.531167+00:00,0,0,12455,15360
2026-09-27T06:34:42.531167+00:00,1,0,12187,15360
2026-09-27T06:34:43.576604+00:00,0,0,12455,15360
2026-09-27T06:34:43.576604+00:00,1,0,12187,15360
2026-09-27T06:34:44.615047+00:00,0,0,12455,15360
2026-09-27T06:34:44.615047+00:00,1,0,12187,15360
2026-09-27T06:34:45.653636+00:00,0,0,12455,15360
2026-09-27T06:34:45.653636+00:00,1,0,12187,15360
2026-09-27T06:34:46.691222+00:00,0,0,12455,15360
2026-09-27T06:34:46.691222+00:00,1,0,12187,15360
2026-09-27T06:34:47.728470+00:00,0,0,12455,15360
2026-09-27T06:34:47.728470+00:00,1,0,12187,15360
2026-09-27T06:34:48.765621+00:00,0,0,12455,15360
2026-09-27T06:34:48.765621+00:00,1,0,12187,15360
2026-09-27T06:34:49.810077+00:00,0,0,12455,15360
2026-09-27T06:34:49.810077+00:00,1,0,12187,15360
2026-09-27T06:34:50.848068+00:00,0,0,12455,15360
2026-09-27T06:34:50.848068+00:00,1,0,12187,15360
2026-09-27T06:34:51.885515+00:00,0,0,12455,15360
2026-09-27T06:34:51.885515+00:00,1,0,12187,15360
2026-09-27T06:34:52.922872+00:00,0,0,12455,15360
2026-09-27T06:34:52.922872+00:00,1,0,12187,15360
2026-09-27T06:34:53.960534+00:00,0,0,12455,15360
2026-09-27T06:34:53.960534+00:00,1,0,12187,15360
2026-09-27T06:34:54.997997+00:00,0,0,12455,15360
2026-09-27T06:34:54.997997+00:00,1,0,12187,15360
2026-09-27T06:34:56.035841+00:00,0,0,12455,15360
2026-09-27T06:34:56.035841+00:00,1,0,12187,15360
2026-09-27T06:34:57.073541+00:00,0,0,12455,15360
2026-09-27T06:34:57.073541+00:00,1,0,12187,15360
2026-09-27T06:34:58.142485+00:00,0,0,12455,15360
2026-09-27T06:34:58.142485+00:00,1,0,12187,15360
2026-09-27T06:34:59.179770+00:00,0,0,12455,15360
2026-09-27T06:34:59.179770+00:00,1,0,12187,15360
2026-09-27T06:35:00.217203+00:00,0,0,12455,15360
2026-09-27T06:35:00.217203+00:00,1,0,12187,15360
2026-09-27T06:35:01.254324+00:00,0,0,12455,15360
2026-09-27T06:35:01.254324+00:00,1,0,12187,15360
2026-09-27T06:35:02.292339+00:00,0,0,12455,15360
2026-09-27T06:35:02.292339+00:00,1,0,12187,15360
2026-09-27T06:35:03.330190+00:00,0,0,12455,15360
2026-09-27T06:35:03.330190+00:00,1,0,12187,15360
2026-09-27T06:35:04.368254+00:00,0,0,12455,15360
2026-09-27T06:35:04.368254+00:00,1,0,12187,15360
2026-09-27T06:35:05.405958+00:00,0,0,12455,15360
2026-09-27T06:35:05.405958+00:00,1,0,12187,15360
2026-09-27T06:35:06.443886+00:00,0,0,12455,15360
2026-09-27T06:35:06.443886+00:00,1,0,12187,15360
2026-09-27T06:35:07.481755+00:00,0,0,12455,15360
2026-09-27T06:35:07.481755+00:00,1,0,12187,15360
2026-09-27T06:35:08.520016+00:00,0,0,12455,15360
2026-09-27T06:35:08.520016+00:00,1,0,12187,15360
2026-09-27T06:35:09.557467+00:00,0,0,12455,15360
2026-09-27T06:35:09.557467+00:00,1,0,12187,15360
2026-09-27T06:35:10.606780+00:00,0,100,12455,15360
2026-09-27T06:35:10.606780+00:00,1,100,12187,15360
2026-09-27T06:35:11.657645+00:00,0,100,12455,15360
2026-09-27T06:35:11.657645+00:00,1,100,12187,15360
2026-09-27T06:35:12.715827+00:00,0,100,12455,15360
2026-09-27T06:35:12.715827+00:00,1,100,12187,15360
2026-09-27T06:35:13.764831+00:00,0,100,12455,15360
2026-09-27T06:35:13.764831+00:00,1,100,12187,15360
2026-09-27T06:35:14.814799+00:00,0,100,12455,15360
2026-09-27T06:35:14.814799+00:00,1,100,12187,15360
2026-09-27T06:35:15.867054+00:00,0,100,12455,15360
2026-09-27T06:35:15.867054+00:00,1,100,12187,15360
2026-09-27T06:35:16.925504+00:00,0,100,12455,15360
2026-09-27T06:35:16.925504+00:00,1,100,12187,15360
2026-09-27T06:35:17.973521+00:00,0,100,12455,15360
2026-09-27T06:35:17.973521+00:00,1,100,12187,15360
2026-09-27T06:35:19.021237+00:00,0,100,12455,15360
2026-09-27T06:35:19.021237+00:00,1,100,12187,15360
2026-09-27T06:35:20.074017+00:00,0,100,12455,15360
2026-09-27T06:35:20.074017+00:00,1,100,12187,15360
2026-09-27T06:35:21.125821+00:00,0,100,12455,15360
2026-09-27T06:35:21.125821+00:00,1,100,12187,15360
2026-09-27T06:35:22.178137+00:00,0,100,12455,15360
2026-09-27T06:35:22.178137+00:00,1,100,12187,15360
2026-09-27T06:35:23.228805+00:00,0,100,12455,15360
2026-09-27T06:35:23.228805+00:00,1,100,12187,15360
2026-09-27T06:35:24.279847+00:00,0,100,12455,15360
2026-09-27T06:35:24.279847+00:00,1,100,12187,15360
2026-09-27T06:35:25.332190+00:00,0,100,12455,15360
2026-09-27T06:35:25.332190+00:00,1,100,12187,15360
2026-09-27T06:35:26.389959+00:00,0,100,12455,15360
2026-09-27T06:35:26.389959+00:00,1,100,12187,15360
2026-09-27T06:35:27.439888+00:00,0,100,12455,15360
2026-09-27T06:35:27.439888+00:00,1,100,12187,15360
2026-09-27T06:35:28.491794+00:00,0,100,12455,15360
2026-09-27T06:35:28.491794+00:00,1,100,12187,15360
2026-09-27T06:35:29.548851+00:00,0,100,12455,15360
2026-09-27T06:35:29.548851+00:00,1,100,12187,15360
2026-09-27T06:35:30.607828+00:00,0,100,12455,15360
2026-09-27T06:35:30.607828+00:00,1,100,12187,15360
2026-09-27T06:35:31.661805+00:00,0,100,12455,15360
2026-09-27T06:35:31.661805+00:00,1,100,12187,15360
2026-09-27T06:35:32.711338+00:00,0,100,12455,15360
2026-09-27T06:35:32.711338+00:00,1,100,12187,15360
2026-09-27T06:35:33.761546+00:00,0,100,12455,15360
2026-09-27T06:35:33.761546+00:00,1,100,12187,15360
2026-09-27T06:35:34.807993+00:00,0,100,12455,15360
2026-09-27T06:35:34.807993+00:00,1,100,12187,15360
2026-09-27T06:35:35.863117+00:00,0,100,12455,15360
2026-09-27T06:35:35.863117+00:00,1,100,12187,15360
2026-09-27T06:35:36.913060+00:00,0,100,12455,15360
2026-09-27T06:35:36.913060+00:00,1,100,12187,15360
2026-09-27T06:35:37.965691+00:00,0,100,12455,15360
2026-09-27T06:35:37.965691+00:00,1,100,12187,15360
2026-09-27T06:35:39.014613+00:00,0,100,12455,15360
2026-09-27T06:35:39.014613+00:00,1,100,12187,15360
2026-09-27T06:35:40.070607+00:00,0,100,12455,15360
2026-09-27T06:35:40.070607+00:00,1,100,12187,15360
2026-09-27T06:35:41.117981+00:00,0,100,12455,15360
2026-09-27T06:35:41.117981+00:00,1,100,12187,15360
2026-09-27T06:35:42.175064+00:00,0,100,12455,15360
2026-09-27T06:35:42.175064+00:00,1,100,12187,15360
2026-09-27T06:35:43.226829+00:00,0,100,12455,15360
2026-09-27T06:35:43.226829+00:00,1,100,12187,15360
2026-09-27T06:35:44.275815+00:00,0,100,12455,15360
2026-09-27T06:35:44.275815+00:00,1,100,12187,15360
2026-09-27T06:35:45.329837+00:00,0,100,12455,15360
2026-09-27T06:35:45.329837+00:00,1,100,12187,15360
2026-09-27T06:35:46.379366+00:00,0,100,12455,15360
2026-09-27T06:35:46.379366+00:00,1,100,12187,15360
2026-09-27T06:35:47.428393+00:00,0,100,12455,15360
2026-09-27T06:35:47.428393+00:00,1,100,12187,15360
2026-09-27T06:35:48.477555+00:00,0,100,12455,15360
2026-09-27T06:35:48.477555+00:00,1,100,12187,15360
2026-09-27T06:35:49.528778+00:00,0,100,12455,15360
2026-09-27T06:35:49.528778+00:00,1,100,12187,15360
2026-09-27T06:35:50.580809+00:00,0,100,12455,15360
2026-09-27T06:35:50.580809+00:00,1,100,12187,15360
2026-09-27T06:35:51.634065+00:00,0,100,12455,15360
2026-09-27T06:35:51.634065+00:00,1,100,12187,15360
2026-09-27T06:35:52.683485+00:00,0,100,12455,15360
2026-09-27T06:35:52.683485+00:00,1,100,12187,15360
2026-09-27T06:35:53.737766+00:00,0,100,12455,15360
2026-09-27T06:35:53.737766+00:00,1,100,12187,15360
2026-09-27T06:35:54.790507+00:00,0,100,12455,15360
2026-09-27T06:35:54.790507+00:00,1,100,12187,15360
2026-09-27T06:35:55.841439+00:00,0,100,12455,15360
2026-09-27T06:35:55.841439+00:00,1,100,12187,15360
2026-09-27T06:35:56.895799+00:00,0,100,12455,15360
2026-09-27T06:35:56.895799+00:00,1,100,12187,15360
2026-09-27T06:35:57.956748+00:00,0,100,12455,15360
2026-09-27T06:35:57.956748+00:00,1,100,12187,15360
2026-09-27T06:35:59.009797+00:00,0,100,12455,15360
2026-09-27T06:35:59.009797+00:00,1,100,12187,15360
2026-09-27T06:36:00.067841+00:00,0,100,12455,15360
2026-09-27T06:36:00.067841+00:00,1,100,12187,15360
2026-09-27T06:36:01.129470+00:00,0,100,12455,15360
2026-09-27T06:36:01.129470+00:00,1,100,12187,15360
2026-09-27T06:36:02.180785+00:00,0,100,12455,15360
2026-09-27T06:36:02.180785+00:00,1,100,12187,15360
2026-09-27T06:36:03.239026+00:00,0,100,12455,15360
2026-09-27T06:36:03.239026+00:00,1,100,12187,15360
2026-09-27T06:36:04.298029+00:00,0,100,12455,15360
2026-09-27T06:36:04.298029+00:00,1,100,12187,15360
2026-09-27T06:36:05.351431+00:00,0,100,12455,15360
2026-09-27T06:36:05.351431+00:00,1,100,12187,15360
2026-09-27T06:36:06.403839+00:00,0,100,12455,15360
2026-09-27T06:36:06.403839+00:00,1,100,12187,15360
2026-09-27T06:36:07.459852+00:00,0,100,12455,15360
2026-09-27T06:36:07.459852+00:00,1,100,12187,15360
2026-09-27T06:36:08.512817+00:00,0,100,12455,15360
2026-09-27T06:36:08.512817+00:00,1,100,12187,15360
2026-09-27T06:36:09.561827+00:00,0,100,12455,15360
2026-09-27T06:36:09.561827+00:00,1,100,12187,15360
2026-09-27T06:36:10.613794+00:00,0,100,12455,15360
2026-09-27T06:36:10.613794+00:00,1,100,12187,15360
2026-09-27T06:36:11.664975+00:00,0,100,12455,15360
2026-09-27T06:36:11.664975+00:00,1,100,12187,15360
2026-09-27T06:36:12.715812+00:00,0,100,12455,15360
2026-09-27T06:36:12.715812+00:00,1,100,12187,15360
2026-09-27T06:36:13.767798+00:00,0,100,12455,15360
2026-09-27T06:36:13.767798+00:00,1,100,12187,15360
2026-09-27T06:36:14.817435+00:00,0,100,12455,15360
2026-09-27T06:36:14.817435+00:00,1,100,12187,15360
2026-09-27T06:36:15.865795+00:00,0,100,12455,15360
2026-09-27T06:36:15.865795+00:00,1,100,12187,15360
2026-09-27T06:36:16.921094+00:00,0,100,12455,15360
2026-09-27T06:36:16.921094+00:00,1,100,12187,15360
2026-09-27T06:36:17.974799+00:00,0,100,12455,15360
2026-09-27T06:36:17.974799+00:00,1,100,12187,15360
2026-09-27T06:36:19.022358+00:00,0,100,12455,15360
2026-09-27T06:36:19.022358+00:00,1,100,12187,15360
2026-09-27T06:36:20.072338+00:00,0,100,12455,15360
2026-09-27T06:36:20.072338+00:00,1,100,12187,15360
2026-09-27T06:36:21.121850+00:00,0,100,12455,15360
2026-09-27T06:36:21.121850+00:00,1,100,12187,15360
2026-09-27T06:36:22.169918+00:00,0,100,12455,15360
2026-09-27T06:36:22.169918+00:00,1,100,12187,15360
2026-09-27T06:36:23.219859+00:00,0,100,12455,15360
2026-09-27T06:36:23.219859+00:00,1,100,12187,15360
2026-09-27T06:36:24.270130+00:00,0,100,12455,15360
2026-09-27T06:36:24.270130+00:00,1,100,12187,15360
2026-09-27T06:36:25.320899+00:00,0,100,12455,15360
2026-09-27T06:36:25.320899+00:00,1,100,12187,15360
2026-09-27T06:36:26.374940+00:00,0,100,12455,15360
2026-09-27T06:36:26.374940+00:00,1,100,12187,15360
2026-09-27T06:36:27.431550+00:00,0,100,12455,15360
2026-09-27T06:36:27.431550+00:00,1,100,12187,15360
2026-09-27T06:36:28.480266+00:00,0,100,12455,15360
2026-09-27T06:36:28.480266+00:00,1,100,12187,15360
2026-09-27T06:36:29.527779+00:00,0,100,12455,15360
2026-09-27T06:36:29.527779+00:00,1,100,12187,15360
2026-09-27T06:36:30.577819+00:00,0,100,12455,15360
2026-09-27T06:36:30.577819+00:00,1,100,12187,15360
2026-09-27T06:36:31.635055+00:00,0,100,12455,15360
2026-09-27T06:36:31.635055+00:00,1,100,12187,15360
2026-09-27T06:36:32.692799+00:00,0,100,12455,15360
2026-09-27T06:36:32.692799+00:00,1,100,12187,15360
2026-09-27T06:36:33.744776+00:00,0,100,12455,15360
2026-09-27T06:36:33.744776+00:00,1,100,12187,15360
2026-09-27T06:36:34.796736+00:00,0,100,12455,15360
2026-09-27T06:36:34.796736+00:00,1,100,12187,15360
2026-09-27T06:36:35.846540+00:00,0,100,12455,15360
2026-09-27T06:36:35.846540+00:00,1,100,12187,15360
2026-09-27T06:36:36.905307+00:00,0,100,12455,15360
2026-09-27T06:36:36.905307+00:00,1,100,12187,15360
2026-09-27T06:36:37.958366+00:00,0,100,12455,15360
2026-09-27T06:36:37.958366+00:00,1,100,12187,15360
2026-09-27T06:36:39.013076+00:00,0,100,12455,15360
2026-09-27T06:36:39.013076+00:00,1,100,12187,15360
2026-09-27T06:36:40.062207+00:00,0,100,12455,15360
2026-09-27T06:36:40.062207+00:00,1,100,12187,15360
2026-09-27T06:36:41.112374+00:00,0,100,12455,15360
2026-09-27T06:36:41.112374+00:00,1,100,12187,15360
2026-09-27T06:36:42.170303+00:00,0,100,12455,15360
2026-09-27T06:36:42.170303+00:00,1,100,12187,15360
2026-09-27T06:36:43.226736+00:00,0,100,12455,15360
2026-09-27T06:36:43.226736+00:00,1,100,12187,15360
2026-09-27T06:36:44.288298+00:00,0,100,12455,15360
2026-09-27T06:36:44.288298+00:00,1,100,12187,15360
2026-09-27T06:36:45.341114+00:00,0,100,12455,15360
2026-09-27T06:36:45.341114+00:00,1,100,12187,15360
2026-09-27T06:36:46.393460+00:00,0,100,12455,15360
2026-09-27T06:36:46.393460+00:00,1,100,12187,15360
2026-09-27T06:36:47.447697+00:00,0,100,12455,15360
2026-09-27T06:36:47.447697+00:00,1,100,12187,15360
2026-09-27T06:36:48.490773+00:00,0,0,12455,15360
2026-09-27T06:36:48.490773+00:00,1,0,12187,15360
2026-09-27T06:36:49.526526+00:00,0,0,12455,15360
2026-09-27T06:36:49.526526+00:00,1,0,12187,15360
2026-09-27T06:36:50.564318+00:00,0,0,12455,15360
2026-09-27T06:36:50.564318+00:00,1,0,12187,15360
2026-09-27T06:36:51.602185+00:00,0,0,12455,15360
2026-09-27T06:36:51.602185+00:00,1,0,12187,15360
2026-09-27T06:36:52.640123+00:00,0,0,12455,15360
2026-09-27T06:36:52.640123+00:00,1,0,12187,15360
2026-09-27T06:36:53.676846+00:00,0,0,12455,15360
2026-09-27T06:36:53.676846+00:00,1,0,12187,15360
2026-09-27T06:36:54.714219+00:00,0,0,12455,15360
2026-09-27T06:36:54.714219+00:00,1,0,12187,15360
2026-09-27T06:36:55.751147+00:00,0,0,12455,15360
2026-09-27T06:36:55.751147+00:00,1,0,12187,15360
2026-09-27T06:36:56.788962+00:00,0,0,12455,15360
2026-09-27T06:36:56.788962+00:00,1,0,12187,15360
2026-09-27T06:36:57.827576+00:00,0,0,12455,15360
2026-09-27T06:36:57.827576+00:00,1,0,12187,15360
2026-09-27T06:36:58.865115+00:00,0,0,12455,15360
2026-09-27T06:36:58.865115+00:00,1,0,12187,15360
2026-09-27T06:36:59.903046+00:00,0,0,12455,15360
2026-09-27T06:36:59.903046+00:00,1,0,12187,15360
2026-09-27T06:37:00.939853+00:00,0,0,12455,15360
2026-09-27T06:37:00.939853+00:00,1,0,12187,15360
2026-09-27T06:37:01.977201+00:00,0,0,12455,15360
2026-09-27T06:37:01.977201+00:00,1,0,12187,15360
2026-09-27T06:37:03.014633+00:00,0,0,12455,15360
2026-09-27T06:37:03.014633+00:00,1,0,12187,15360
2026-09-27T06:37:04.053203+00:00,0,0,12455,15360
2026-09-27T06:37:04.053203+00:00,1,0,12187,15360
2026-09-27T06:37:05.091087+00:00,0,0,12455,15360
2026-09-27T06:37:05.091087+00:00,1,0,12187,15360
2026-09-27T06:37:06.144456+00:00,0,0,12455,15360
2026-09-27T06:37:06.144456+00:00,1,0,12187,15360
2026-09-27T06:37:07.182580+00:00,0,0,12455,15360
2026-09-27T06:37:07.182580+00:00,1,0,12187,15360
2026-09-27T06:37:08.221180+00:00,0,0,12455,15360
2026-09-27T06:37:08.221180+00:00,1,0,12187,15360
2026-09-27T06:37:09.260982+00:00,0,0,12455,15360
2026-09-27T06:37:09.260982+00:00,1,0,12187,15360
2026-09-27T06:37:10.298550+00:00,0,0,12455,15360
2026-09-27T06:37:10.298550+00:00,1,0,12187,15360
2026-09-27T06:37:11.336305+00:00,0,0,12455,15360
2026-09-27T06:37:11.336305+00:00,1,0,12187,15360
2026-09-27T06:37:12.374171+00:00,0,0,12455,15360
2026-09-27T06:37:12.374171+00:00,1,0,12187,15360
2026-09-27T06:37:13.411226+00:00,0,0,12455,15360
2026-09-27T06:37:13.411226+00:00,1,0,12187,15360
2026-09-27T06:37:14.448947+00:00,0,0,12455,15360
2026-09-27T06:37:14.448947+00:00,1,0,12187,15360
2026-09-27T06:37:15.488250+00:00,0,0,12455,15360
2026-09-27T06:37:15.488250+00:00,1,0,12187,15360
2026-09-27T06:37:16.539810+00:00,0,100,12455,15360
2026-09-27T06:37:16.539810+00:00,1,100,12187,15360
2026-09-27T06:37:17.593491+00:00,0,100,12455,15360
2026-09-27T06:37:17.593491+00:00,1,100,12187,15360
2026-09-27T06:37:18.645847+00:00,0,100,12455,15360
2026-09-27T06:37:18.645847+00:00,1,98,12189,15360
2026-09-27T06:37:19.701847+00:00,0,100,12455,15360
2026-09-27T06:37:19.701847+00:00,1,100,12189,15360
2026-09-27T06:37:20.757814+00:00,0,100,12455,15360
2026-09-27T06:37:20.757814+00:00,1,100,12189,15360
2026-09-27T06:37:21.820800+00:00,0,100,12455,15360
2026-09-27T06:37:21.820800+00:00,1,100,12189,15360
2026-09-27T06:37:22.869153+00:00,0,100,12455,15360
2026-09-27T06:37:22.869153+00:00,1,100,12189,15360
2026-09-27T06:37:23.921196+00:00,0,100,12455,15360
2026-09-27T06:37:23.921196+00:00,1,100,12189,15360
2026-09-27T06:37:24.971847+00:00,0,100,12455,15360
2026-09-27T06:37:24.971847+00:00,1,100,12189,15360
2026-09-27T06:37:26.024155+00:00,0,100,12455,15360
2026-09-27T06:37:26.024155+00:00,1,100,12189,15360
2026-09-27T06:37:27.073460+00:00,0,100,12455,15360
2026-09-27T06:37:27.073460+00:00,1,100,12189,15360
2026-09-27T06:37:28.127408+00:00,0,100,12455,15360
2026-09-27T06:37:28.127408+00:00,1,100,12189,15360
2026-09-27T06:37:29.178618+00:00,0,100,12455,15360
2026-09-27T06:37:29.178618+00:00,1,100,12189,15360
2026-09-27T06:37:30.232457+00:00,0,100,12455,15360
2026-09-27T06:37:30.232457+00:00,1,100,12189,15360
2026-09-27T06:37:31.285907+00:00,0,100,12455,15360
2026-09-27T06:37:31.285907+00:00,1,100,12189,15360
2026-09-27T06:37:32.338870+00:00,0,100,12455,15360
2026-09-27T06:37:32.338870+00:00,1,100,12189,15360
2026-09-27T06:37:33.387409+00:00,0,100,12455,15360
2026-09-27T06:37:33.387409+00:00,1,100,12189,15360
2026-09-27T06:37:34.437787+00:00,0,100,12455,15360
2026-09-27T06:37:34.437787+00:00,1,100,12189,15360
2026-09-27T06:37:35.490840+00:00,0,100,12455,15360
2026-09-27T06:37:35.490840+00:00,1,100,12189,15360
2026-09-27T06:37:36.546741+00:00,0,100,12455,15360
2026-09-27T06:37:36.546741+00:00,1,100,12189,15360
2026-09-27T06:37:37.619778+00:00,0,100,12455,15360
2026-09-27T06:37:37.619778+00:00,1,100,12189,15360
2026-09-27T06:37:38.673796+00:00,0,100,12455,15360
2026-09-27T06:37:38.673796+00:00,1,100,12189,15360
2026-09-27T06:37:39.725160+00:00,0,100,12455,15360
2026-09-27T06:37:39.725160+00:00,1,100,12189,15360
2026-09-27T06:37:40.782799+00:00,0,100,12455,15360
2026-09-27T06:37:40.782799+00:00,1,100,12189,15360
2026-09-27T06:37:41.833423+00:00,0,100,12455,15360
2026-09-27T06:37:41.833423+00:00,1,100,12189,15360
2026-09-27T06:37:42.882092+00:00,0,100,12455,15360
2026-09-27T06:37:42.882092+00:00,1,100,12189,15360
2026-09-27T06:37:43.929697+00:00,0,100,12455,15360
2026-09-27T06:37:43.929697+00:00,1,100,12189,15360
2026-09-27T06:37:44.982796+00:00,0,100,12455,15360
2026-09-27T06:37:44.982796+00:00,1,100,12189,15360
2026-09-27T06:37:46.044504+00:00,0,100,12455,15360
2026-09-27T06:37:46.044504+00:00,1,100,12189,15360
2026-09-27T06:37:47.107174+00:00,0,100,12455,15360
2026-09-27T06:37:47.107174+00:00,1,100,12189,15360
2026-09-27T06:37:48.160098+00:00,0,100,12455,15360
2026-09-27T06:37:48.160098+00:00,1,100,12189,15360
2026-09-27T06:37:49.217813+00:00,0,100,12455,15360
2026-09-27T06:37:49.217813+00:00,1,100,12189,15360
2026-09-27T06:37:50.271785+00:00,0,100,12455,15360
2026-09-27T06:37:50.271785+00:00,1,100,12189,15360
2026-09-27T06:37:51.324793+00:00,0,100,12455,15360
2026-09-27T06:37:51.324793+00:00,1,100,12189,15360
2026-09-27T06:37:52.381790+00:00,0,100,12455,15360
2026-09-27T06:37:52.381790+00:00,1,100,12189,15360
2026-09-27T06:37:53.431904+00:00,0,100,12455,15360
2026-09-27T06:37:53.431904+00:00,1,100,12189,15360
2026-09-27T06:37:54.481253+00:00,0,100,12455,15360
2026-09-27T06:37:54.481253+00:00,1,100,12189,15360
2026-09-27T06:37:55.540795+00:00,0,100,12455,15360
2026-09-27T06:37:55.540795+00:00,1,100,12189,15360
2026-09-27T06:37:56.590753+00:00,0,100,12455,15360
2026-09-27T06:37:56.590753+00:00,1,100,12189,15360
2026-09-27T06:37:57.639426+00:00,0,100,12455,15360
2026-09-27T06:37:57.639426+00:00,1,100,12189,15360
2026-09-27T06:37:58.689345+00:00,0,100,12455,15360
2026-09-27T06:37:58.689345+00:00,1,100,12189,15360
2026-09-27T06:37:59.741503+00:00,0,100,12455,15360
2026-09-27T06:37:59.741503+00:00,1,100,12189,15360
2026-09-27T06:38:00.792809+00:00,0,100,12455,15360
2026-09-27T06:38:00.792809+00:00,1,100,12189,15360
2026-09-27T06:38:01.844759+00:00,0,100,12455,15360
2026-09-27T06:38:01.844759+00:00,1,100,12189,15360
2026-09-27T06:38:02.899146+00:00,0,100,12455,15360
2026-09-27T06:38:02.899146+00:00,1,100,12189,15360
2026-09-27T06:38:03.949812+00:00,0,100,12455,15360
2026-09-27T06:38:03.949812+00:00,1,100,12189,15360
2026-09-27T06:38:05.001864+00:00,0,100,12455,15360
2026-09-27T06:38:05.001864+00:00,1,100,12189,15360
2026-09-27T06:38:06.048455+00:00,0,100,12455,15360
2026-09-27T06:38:06.048455+00:00,1,100,12189,15360
2026-09-27T06:38:07.100857+00:00,0,100,12455,15360
2026-09-27T06:38:07.100857+00:00,1,100,12189,15360
2026-09-27T06:38:08.150087+00:00,0,100,12455,15360
2026-09-27T06:38:08.150087+00:00,1,100,12189,15360
2026-09-27T06:38:09.198555+00:00,0,100,12455,15360
2026-09-27T06:38:09.198555+00:00,1,100,12189,15360
2026-09-27T06:38:10.250888+00:00,0,100,12455,15360
2026-09-27T06:38:10.250888+00:00,1,100,12189,15360
2026-09-27T06:38:11.303844+00:00,0,100,12455,15360
2026-09-27T06:38:11.303844+00:00,1,100,12189,15360
2026-09-27T06:38:12.352662+00:00,0,100,12455,15360
2026-09-27T06:38:12.352662+00:00,1,100,12189,15360
2026-09-27T06:38:13.401154+00:00,0,100,12455,15360
2026-09-27T06:38:13.401154+00:00,1,100,12189,15360
2026-09-27T06:38:14.450902+00:00,0,100,12455,15360
2026-09-27T06:38:14.450902+00:00,1,100,12189,15360
2026-09-27T06:38:15.502813+00:00,0,100,12455,15360
2026-09-27T06:38:15.502813+00:00,1,100,12189,15360
2026-09-27T06:38:16.552106+00:00,0,100,12455,15360
2026-09-27T06:38:16.552106+00:00,1,100,12189,15360
2026-09-27T06:38:17.601101+00:00,0,100,12455,15360
2026-09-27T06:38:17.601101+00:00,1,100,12189,15360
2026-09-27T06:38:18.650762+00:00,0,100,12455,15360
2026-09-27T06:38:18.650762+00:00,1,100,12189,15360
2026-09-27T06:38:19.702315+00:00,0,100,12455,15360
2026-09-27T06:38:19.702315+00:00,1,100,12189,15360
2026-09-27T06:38:20.752980+00:00,0,100,12455,15360
2026-09-27T06:38:20.752980+00:00,1,100,12189,15360
2026-09-27T06:38:21.804789+00:00,0,100,12455,15360
2026-09-27T06:38:21.804789+00:00,1,100,12189,15360
2026-09-27T06:38:22.852109+00:00,0,100,12455,15360
2026-09-27T06:38:22.852109+00:00,1,100,12189,15360
2026-09-27T06:38:23.903808+00:00,0,100,12455,15360
2026-09-27T06:38:23.903808+00:00,1,100,12189,15360
2026-09-27T06:38:24.952830+00:00,0,100,12455,15360
2026-09-27T06:38:24.952830+00:00,1,100,12189,15360
2026-09-27T06:38:26.001475+00:00,0,100,12455,15360
2026-09-27T06:38:26.001475+00:00,1,100,12189,15360
2026-09-27T06:38:27.060724+00:00,0,100,12455,15360
2026-09-27T06:38:27.060724+00:00,1,100,12189,15360
2026-09-27T06:38:28.106768+00:00,0,100,12455,15360
2026-09-27T06:38:28.106768+00:00,1,100,12189,15360
2026-09-27T06:38:29.156877+00:00,0,100,12455,15360
2026-09-27T06:38:29.156877+00:00,1,100,12189,15360
2026-09-27T06:38:30.208784+00:00,0,100,12455,15360
2026-09-27T06:38:30.208784+00:00,1,100,12189,15360
2026-09-27T06:38:31.261580+00:00,0,100,12455,15360
2026-09-27T06:38:31.261580+00:00,1,100,12189,15360
2026-09-27T06:38:32.315653+00:00,0,100,12455,15360
2026-09-27T06:38:32.315653+00:00,1,100,12189,15360
2026-09-27T06:38:33.367836+00:00,0,100,12455,15360
2026-09-27T06:38:33.367836+00:00,1,100,12189,15360
2026-09-27T06:38:34.414773+00:00,0,100,12455,15360
2026-09-27T06:38:34.414773+00:00,1,100,12189,15360
2026-09-27T06:38:35.462817+00:00,0,100,12455,15360
2026-09-27T06:38:35.462817+00:00,1,100,12189,15360
2026-09-27T06:38:36.516990+00:00,0,100,12455,15360
2026-09-27T06:38:36.516990+00:00,1,100,12189,15360
2026-09-27T06:38:37.567775+00:00,0,100,12455,15360
2026-09-27T06:38:37.567775+00:00,1,100,12189,15360
2026-09-27T06:38:38.621904+00:00,0,100,12455,15360
2026-09-27T06:38:38.621904+00:00,1,100,12189,15360
2026-09-27T06:38:39.668301+00:00,0,100,12455,15360
2026-09-27T06:38:39.668301+00:00,1,100,12189,15360
2026-09-27T06:38:40.720442+00:00,0,100,12455,15360
2026-09-27T06:38:40.720442+00:00,1,100,12189,15360
2026-09-27T06:38:41.773941+00:00,0,100,12455,15360
2026-09-27T06:38:41.773941+00:00,1,100,12189,15360
2026-09-27T06:38:42.825660+00:00,0,100,12455,15360
2026-09-27T06:38:42.825660+00:00,1,100,12189,15360
2026-09-27T06:38:43.884009+00:00,0,100,12455,15360
2026-09-27T06:38:43.884009+00:00,1,100,12189,15360
2026-09-27T06:38:44.936636+00:00,0,100,12455,15360
2026-09-27T06:38:44.936636+00:00,1,100,12189,15360
2026-09-27T06:38:45.990634+00:00,0,100,12455,15360
2026-09-27T06:38:45.990634+00:00,1,100,12189,15360
2026-09-27T06:38:47.043482+00:00,0,100,12455,15360
2026-09-27T06:38:47.043482+00:00,1,100,12189,15360
2026-09-27T06:38:48.097288+00:00,0,100,12455,15360
2026-09-27T06:38:48.097288+00:00,1,100,12189,15360
2026-09-27T06:38:49.148780+00:00,0,100,12455,15360
2026-09-27T06:38:49.148780+00:00,1,100,12189,15360
2026-09-27T06:38:50.199879+00:00,0,100,12455,15360
2026-09-27T06:38:50.199879+00:00,1,100,12189,15360
2026-09-27T06:38:51.252818+00:00,0,100,12455,15360
2026-09-27T06:38:51.252818+00:00,1,100,12189,15360
2026-09-27T06:38:52.303548+00:00,0,100,12455,15360
2026-09-27T06:38:52.303548+00:00,1,100,12189,15360
2026-09-27T06:38:53.351768+00:00,0,16,12455,15360
2026-09-27T06:38:53.351768+00:00,1,0,12189,15360
2026-09-27T06:38:54.386832+00:00,0,0,12455,15360
2026-09-27T06:38:54.386832+00:00,1,0,12189,15360
2026-09-27T06:38:55.424928+00:00,0,0,12455,15360
2026-09-27T06:38:55.424928+00:00,1,0,12189,15360
2026-09-27T06:38:56.463551+00:00,0,0,12455,15360
2026-09-27T06:38:56.463551+00:00,1,0,12189,15360
2026-09-27T06:38:57.502478+00:00,0,0,12455,15360
2026-09-27T06:38:57.502478+00:00,1,0,12189,15360
2026-09-27T06:38:58.540102+00:00,0,0,12455,15360
2026-09-27T06:38:58.540102+00:00,1,0,12189,15360
2026-09-27T06:38:59.579667+00:00,0,0,12455,15360
2026-09-27T06:38:59.579667+00:00,1,0,12189,15360
2026-09-27T06:39:00.617104+00:00,0,0,12455,15360
2026-09-27T06:39:00.617104+00:00,1,0,12189,15360
2026-09-27T06:39:01.654867+00:00,0,0,12455,15360
2026-09-27T06:39:01.654867+00:00,1,0,12189,15360
2026-09-27T06:39:02.692317+00:00,0,0,12455,15360
2026-09-27T06:39:02.692317+00:00,1,0,12189,15360
2026-09-27T06:39:03.731589+00:00,0,0,12455,15360
2026-09-27T06:39:03.731589+00:00,1,0,12189,15360
2026-09-27T06:39:04.768792+00:00,0,0,12455,15360
2026-09-27T06:39:04.768792+00:00,1,0,12189,15360
2026-09-27T06:39:05.805696+00:00,0,0,12455,15360
2026-09-27T06:39:05.805696+00:00,1,0,12189,15360
2026-09-27T06:39:06.843463+00:00,0,0,12455,15360
2026-09-27T06:39:06.843463+00:00,1,0,12189,15360
2026-09-27T06:39:07.880496+00:00,0,0,12455,15360
2026-09-27T06:39:07.880496+00:00,1,0,12189,15360
2026-09-27T06:39:08.917429+00:00,0,0,12455,15360
2026-09-27T06:39:08.917429+00:00,1,0,12189,15360
2026-09-27T06:39:09.954992+00:00,0,0,12455,15360
2026-09-27T06:39:09.954992+00:00,1,0,12189,15360
2026-09-27T06:39:10.993349+00:00,0,0,12455,15360
2026-09-27T06:39:10.993349+00:00,1,0,12189,15360
2026-09-27T06:39:12.030109+00:00,0,0,12455,15360
2026-09-27T06:39:12.030109+00:00,1,0,12189,15360
2026-09-27T06:39:13.067763+00:00,0,0,12455,15360
2026-09-27T06:39:13.067763+00:00,1,0,12189,15360
2026-09-27T06:39:14.105047+00:00,0,0,12455,15360
2026-09-27T06:39:14.105047+00:00,1,0,12189,15360
2026-09-27T06:39:15.142670+00:00,0,0,12455,15360
2026-09-27T06:39:15.142670+00:00,1,0,12189,15360
2026-09-27T06:39:16.180388+00:00,0,0,12455,15360
2026-09-27T06:39:16.180388+00:00,1,0,12189,15360
2026-09-27T06:39:17.217143+00:00,0,0,12455,15360
2026-09-27T06:39:17.217143+00:00,1,0,12189,15360
2026-09-27T06:39:18.254086+00:00,0,0,12455,15360
2026-09-27T06:39:18.254086+00:00,1,0,12189,15360
2026-09-27T06:39:19.292476+00:00,0,0,12455,15360
2026-09-27T06:39:19.292476+00:00,1,0,12189,15360
2026-09-27T06:39:20.332399+00:00,0,0,12455,15360
2026-09-27T06:39:20.332399+00:00,1,0,12189,15360
2026-09-27T06:39:21.382826+00:00,0,100,12455,15360
2026-09-27T06:39:21.382826+00:00,1,100,12189,15360
2026-09-27T06:39:22.433254+00:00,0,100,12455,15360
2026-09-27T06:39:22.433254+00:00,1,100,12189,15360
2026-09-27T06:39:23.487174+00:00,0,100,12455,15360
2026-09-27T06:39:23.487174+00:00,1,100,12189,15360
2026-09-27T06:39:24.546023+00:00,0,100,12455,15360
2026-09-27T06:39:24.546023+00:00,1,100,12189,15360
2026-09-27T06:39:25.598816+00:00,0,100,12455,15360
2026-09-27T06:39:25.598816+00:00,1,100,12189,15360
2026-09-27T06:39:26.651737+00:00,0,100,12455,15360
2026-09-27T06:39:26.651737+00:00,1,100,12189,15360
2026-09-27T06:39:27.710736+00:00,0,100,12455,15360
2026-09-27T06:39:27.710736+00:00,1,100,12189,15360
2026-09-27T06:39:28.759816+00:00,0,100,12455,15360
2026-09-27T06:39:28.759816+00:00,1,100,12189,15360
2026-09-27T06:39:29.822261+00:00,0,100,12455,15360
2026-09-27T06:39:29.822261+00:00,1,100,12189,15360
2026-09-27T06:39:30.880584+00:00,0,100,12455,15360
2026-09-27T06:39:30.880584+00:00,1,100,12189,15360
2026-09-27T06:39:31.936411+00:00,0,100,12455,15360
2026-09-27T06:39:31.936411+00:00,1,100,12189,15360
2026-09-27T06:39:32.991477+00:00,0,100,12455,15360
2026-09-27T06:39:32.991477+00:00,1,100,12189,15360
2026-09-27T06:39:34.044770+00:00,0,100,12455,15360
2026-09-27T06:39:34.044770+00:00,1,100,12189,15360
2026-09-27T06:39:35.094381+00:00,0,100,12455,15360
2026-09-27T06:39:35.094381+00:00,1,100,12189,15360
2026-09-27T06:39:36.142791+00:00,0,100,12455,15360
2026-09-27T06:39:36.142791+00:00,1,100,12189,15360
2026-09-27T06:39:37.193829+00:00,0,100,12455,15360
2026-09-27T06:39:37.193829+00:00,1,100,12189,15360
2026-09-27T06:39:38.249803+00:00,0,100,12455,15360
2026-09-27T06:39:38.249803+00:00,1,100,12189,15360
2026-09-27T06:39:39.304846+00:00,0,100,12455,15360
2026-09-27T06:39:39.304846+00:00,1,100,12189,15360
2026-09-27T06:39:40.365868+00:00,0,100,12455,15360
2026-09-27T06:39:40.365868+00:00,1,100,12189,15360
2026-09-27T06:39:41.421059+00:00,0,100,12455,15360
2026-09-27T06:39:41.421059+00:00,1,100,12189,15360
2026-09-27T06:39:42.471612+00:00,0,100,12455,15360
2026-09-27T06:39:42.471612+00:00,1,100,12189,15360
2026-09-27T06:39:43.528819+00:00,0,100,12455,15360
2026-09-27T06:39:43.528819+00:00,1,100,12189,15360
2026-09-27T06:39:44.595507+00:00,0,100,12455,15360
2026-09-27T06:39:44.595507+00:00,1,100,12189,15360
2026-09-27T06:39:45.648053+00:00,0,100,12455,15360
2026-09-27T06:39:45.648053+00:00,1,100,12189,15360
2026-09-27T06:39:46.704789+00:00,0,100,12455,15360
2026-09-27T06:39:46.704789+00:00,1,100,12189,15360
2026-09-27T06:39:47.757788+00:00,0,100,12455,15360
2026-09-27T06:39:47.757788+00:00,1,100,12189,15360
2026-09-27T06:39:48.808302+00:00,0,100,12455,15360
2026-09-27T06:39:48.808302+00:00,1,100,12189,15360
2026-09-27T06:39:49.875889+00:00,0,100,12455,15360
2026-09-27T06:39:49.875889+00:00,1,100,12189,15360
2026-09-27T06:39:50.924262+00:00,0,100,12455,15360
2026-09-27T06:39:50.924262+00:00,1,100,12189,15360
2026-09-27T06:39:51.981098+00:00,0,100,12455,15360
2026-09-27T06:39:51.981098+00:00,1,100,12189,15360
2026-09-27T06:39:53.030571+00:00,0,100,12455,15360
2026-09-27T06:39:53.030571+00:00,1,100,12189,15360
2026-09-27T06:39:54.081842+00:00,0,100,12455,15360
2026-09-27T06:39:54.081842+00:00,1,100,12189,15360
2026-09-27T06:39:55.133813+00:00,0,100,12455,15360
2026-09-27T06:39:55.133813+00:00,1,100,12189,15360
2026-09-27T06:39:56.183990+00:00,0,100,12455,15360
2026-09-27T06:39:56.183990+00:00,1,100,12189,15360
2026-09-27T06:39:57.236129+00:00,0,100,12455,15360
2026-09-27T06:39:57.236129+00:00,1,100,12189,15360
2026-09-27T06:39:58.288270+00:00,0,100,12455,15360
2026-09-27T06:39:58.288270+00:00,1,100,12189,15360
2026-09-27T06:39:59.340044+00:00,0,100,12455,15360
2026-09-27T06:39:59.340044+00:00,1,100,12189,15360
2026-09-27T06:40:00.391807+00:00,0,100,12455,15360
2026-09-27T06:40:00.391807+00:00,1,100,12189,15360
2026-09-27T06:40:01.443927+00:00,0,100,12455,15360
2026-09-27T06:40:01.443927+00:00,1,100,12189,15360
2026-09-27T06:40:02.499407+00:00,0,100,12455,15360
2026-09-27T06:40:02.499407+00:00,1,100,12189,15360
2026-09-27T06:40:03.552862+00:00,0,100,12455,15360
2026-09-27T06:40:03.552862+00:00,1,100,12189,15360
2026-09-27T06:40:04.606821+00:00,0,100,12455,15360
2026-09-27T06:40:04.606821+00:00,1,100,12189,15360
2026-09-27T06:40:05.661249+00:00,0,100,12455,15360
2026-09-27T06:40:05.661249+00:00,1,100,12189,15360
2026-09-27T06:40:06.710909+00:00,0,100,12455,15360
2026-09-27T06:40:06.710909+00:00,1,100,12189,15360
2026-09-27T06:40:07.759619+00:00,0,100,12455,15360
2026-09-27T06:40:07.759619+00:00,1,100,12189,15360
2026-09-27T06:40:08.807327+00:00,0,100,12455,15360
2026-09-27T06:40:08.807327+00:00,1,100,12189,15360
2026-09-27T06:40:09.876519+00:00,0,100,12455,15360
2026-09-27T06:40:09.876519+00:00,1,100,12189,15360
2026-09-27T06:40:10.926424+00:00,0,100,12455,15360
2026-09-27T06:40:10.926424+00:00,1,100,12189,15360
2026-09-27T06:40:11.982465+00:00,0,100,12455,15360
2026-09-27T06:40:11.982465+00:00,1,100,12189,15360
2026-09-27T06:40:13.030522+00:00,0,100,12455,15360
2026-09-27T06:40:13.030522+00:00,1,100,12189,15360
2026-09-27T06:40:14.080799+00:00,0,100,12455,15360
2026-09-27T06:40:14.080799+00:00,1,100,12189,15360
2026-09-27T06:40:15.134934+00:00,0,100,12455,15360
2026-09-27T06:40:15.134934+00:00,1,100,12189,15360
2026-09-27T06:40:16.185814+00:00,0,100,12455,15360
2026-09-27T06:40:16.185814+00:00,1,100,12189,15360
2026-09-27T06:40:17.240291+00:00,0,100,12455,15360
2026-09-27T06:40:17.240291+00:00,1,100,12189,15360
2026-09-27T06:40:18.297870+00:00,0,100,12455,15360
2026-09-27T06:40:18.297870+00:00,1,100,12189,15360
2026-09-27T06:40:19.348825+00:00,0,100,12455,15360
2026-09-27T06:40:19.348825+00:00,1,100,12189,15360
2026-09-27T06:40:20.403809+00:00,0,100,12455,15360
2026-09-27T06:40:20.403809+00:00,1,100,12189,15360
2026-09-27T06:40:21.454779+00:00,0,100,12455,15360
2026-09-27T06:40:21.454779+00:00,1,100,12189,15360
2026-09-27T06:40:22.503484+00:00,0,100,12455,15360
2026-09-27T06:40:22.503484+00:00,1,100,12189,15360
2026-09-27T06:40:23.555482+00:00,0,100,12455,15360
2026-09-27T06:40:23.555482+00:00,1,100,12189,15360
2026-09-27T06:40:24.608780+00:00,0,100,12455,15360
2026-09-27T06:40:24.608780+00:00,1,100,12189,15360
2026-09-27T06:40:25.664774+00:00,0,100,12455,15360
2026-09-27T06:40:25.664774+00:00,1,100,12189,15360
2026-09-27T06:40:26.716615+00:00,0,100,12455,15360
2026-09-27T06:40:26.716615+00:00,1,100,12189,15360
2026-09-27T06:40:27.767742+00:00,0,100,12455,15360
2026-09-27T06:40:27.767742+00:00,1,100,12189,15360
2026-09-27T06:40:28.824174+00:00,0,100,12455,15360
2026-09-27T06:40:28.824174+00:00,1,100,12189,15360
2026-09-27T06:40:29.880821+00:00,0,100,12455,15360
2026-09-27T06:40:29.880821+00:00,1,100,12189,15360
2026-09-27T06:40:30.934619+00:00,0,100,12455,15360
2026-09-27T06:40:30.934619+00:00,1,100,12189,15360
2026-09-27T06:40:31.984788+00:00,0,100,12455,15360
2026-09-27T06:40:31.984788+00:00,1,100,12189,15360
2026-09-27T06:40:33.044789+00:00,0,100,12455,15360
2026-09-27T06:40:33.044789+00:00,1,100,12189,15360
2026-09-27T06:40:34.100847+00:00,0,100,12455,15360
2026-09-27T06:40:34.100847+00:00,1,100,12189,15360
2026-09-27T06:40:35.154073+00:00,0,100,12455,15360
2026-09-27T06:40:35.154073+00:00,1,100,12189,15360
2026-09-27T06:40:36.202082+00:00,0,100,12455,15360
2026-09-27T06:40:36.202082+00:00,1,100,12189,15360
2026-09-27T06:40:37.251908+00:00,0,100,12455,15360
2026-09-27T06:40:37.251908+00:00,1,100,12189,15360
2026-09-27T06:40:38.307619+00:00,0,100,12455,15360
2026-09-27T06:40:38.307619+00:00,1,100,12189,15360
2026-09-27T06:40:39.362296+00:00,0,100,12455,15360
2026-09-27T06:40:39.362296+00:00,1,100,12189,15360
2026-09-27T06:40:40.411049+00:00,0,100,12455,15360
2026-09-27T06:40:40.411049+00:00,1,100,12189,15360
2026-09-27T06:40:41.462783+00:00,0,100,12455,15360
2026-09-27T06:40:41.462783+00:00,1,100,12189,15360
2026-09-27T06:40:42.518781+00:00,0,100,12455,15360
2026-09-27T06:40:42.518781+00:00,1,100,12189,15360
2026-09-27T06:40:43.570881+00:00,0,100,12455,15360
2026-09-27T06:40:43.570881+00:00,1,100,12189,15360
2026-09-27T06:40:44.627811+00:00,0,100,12455,15360
2026-09-27T06:40:44.627811+00:00,1,100,12189,15360
2026-09-27T06:40:45.682146+00:00,0,100,12455,15360
2026-09-27T06:40:45.682146+00:00,1,100,12189,15360
2026-09-27T06:40:46.740448+00:00,0,100,12455,15360
2026-09-27T06:40:46.740448+00:00,1,100,12189,15360
2026-09-27T06:40:47.790521+00:00,0,100,12455,15360
2026-09-27T06:40:47.790521+00:00,1,100,12189,15360
2026-09-27T06:40:48.846617+00:00,0,100,12455,15360
2026-09-27T06:40:48.846617+00:00,1,100,12189,15360
2026-09-27T06:40:49.901283+00:00,0,100,12455,15360
2026-09-27T06:40:49.901283+00:00,1,100,12189,15360
2026-09-27T06:40:50.954499+00:00,0,100,12455,15360
2026-09-27T06:40:50.954499+00:00,1,100,12189,15360
2026-09-27T06:40:52.008788+00:00,0,100,12455,15360
2026-09-27T06:40:52.008788+00:00,1,100,12189,15360
2026-09-27T06:40:53.058622+00:00,0,100,12455,15360
2026-09-27T06:40:53.058622+00:00,1,100,12189,15360
2026-09-27T06:40:54.111827+00:00,0,100,12455,15360
2026-09-27T06:40:54.111827+00:00,1,100,12189,15360
2026-09-27T06:40:55.164662+00:00,0,100,12455,15360
2026-09-27T06:40:55.164662+00:00,1,100,12189,15360
2026-09-27T06:40:56.227515+00:00,0,100,12455,15360
2026-09-27T06:40:56.227515+00:00,1,100,12189,15360
2026-09-27T06:40:57.278044+00:00,0,100,12455,15360
2026-09-27T06:40:57.278044+00:00,1,100,12189,15360
2026-09-27T06:40:58.326151+00:00,0,100,12455,15360
2026-09-27T06:40:58.326151+00:00,1,100,12189,15360
2026-09-27T06:40:59.376796+00:00,0,0,12455,15360
2026-09-27T06:40:59.376796+00:00,1,0,12189,15360
2026-09-27T06:41:00.413406+00:00,0,0,12455,15360
2026-09-27T06:41:00.413406+00:00,1,0,12189,15360
2026-09-27T06:41:01.455361+00:00,0,0,12455,15360
2026-09-27T06:41:01.455361+00:00,1,0,12189,15360
2026-09-27T06:41:02.494378+00:00,0,0,12455,15360
2026-09-27T06:41:02.494378+00:00,1,0,12189,15360
2026-09-27T06:41:03.532578+00:00,0,0,12455,15360
2026-09-27T06:41:03.532578+00:00,1,0,12189,15360
2026-09-27T06:41:04.569859+00:00,0,0,12455,15360
2026-09-27T06:41:04.569859+00:00,1,0,12189,15360
2026-09-27T06:41:05.607288+00:00,0,0,12455,15360
2026-09-27T06:41:05.607288+00:00,1,0,12189,15360
2026-09-27T06:41:06.644637+00:00,0,0,12455,15360
2026-09-27T06:41:06.644637+00:00,1,0,12189,15360
2026-09-27T06:41:07.682175+00:00,0,0,12455,15360
2026-09-27T06:41:07.682175+00:00,1,0,12189,15360
2026-09-27T06:41:08.719963+00:00,0,0,12455,15360
2026-09-27T06:41:08.719963+00:00,1,0,12189,15360
2026-09-27T06:41:09.758590+00:00,0,0,12455,15360
2026-09-27T06:41:09.758590+00:00,1,0,12189,15360
2026-09-27T06:41:10.796831+00:00,0,0,12455,15360
2026-09-27T06:41:10.796831+00:00,1,0,12189,15360
2026-09-27T06:41:11.834403+00:00,0,0,12455,15360
2026-09-27T06:41:11.834403+00:00,1,0,12189,15360
2026-09-27T06:41:12.871790+00:00,0,0,12455,15360
2026-09-27T06:41:12.871790+00:00,1,0,12189,15360
2026-09-27T06:41:13.909474+00:00,0,0,12455,15360
2026-09-27T06:41:13.909474+00:00,1,0,12189,15360
2026-09-27T06:41:14.946894+00:00,0,0,12455,15360
2026-09-27T06:41:14.946894+00:00,1,0,12189,15360
2026-09-27T06:41:15.984480+00:00,0,0,12455,15360
2026-09-27T06:41:15.984480+00:00,1,0,12189,15360
2026-09-27T06:41:17.033778+00:00,0,0,12455,15360
2026-09-27T06:41:17.033778+00:00,1,0,12189,15360
2026-09-27T06:41:18.070748+00:00,0,0,12455,15360
2026-09-27T06:41:18.070748+00:00,1,0,12189,15360
2026-09-27T06:41:19.108327+00:00,0,0,12455,15360
2026-09-27T06:41:19.108327+00:00,1,0,12189,15360
2026-09-27T06:41:20.145828+00:00,0,0,12455,15360
2026-09-27T06:41:20.145828+00:00,1,0,12189,15360
2026-09-27T06:41:21.183300+00:00,0,0,12455,15360
2026-09-27T06:41:21.183300+00:00,1,0,12189,15360
2026-09-27T06:41:22.221435+00:00,0,0,12455,15360
2026-09-27T06:41:22.221435+00:00,1,0,12189,15360
2026-09-27T06:41:23.259519+00:00,0,0,12455,15360
2026-09-27T06:41:23.259519+00:00,1,0,12189,15360
2026-09-27T06:41:24.297151+00:00,0,0,12455,15360
2026-09-27T06:41:24.297151+00:00,1,0,12189,15360
2026-09-27T06:41:25.334630+00:00,0,0,12455,15360
2026-09-27T06:41:25.334630+00:00,1,0,12189,15360
2026-09-27T06:41:26.381807+00:00,0,100,12455,15360
2026-09-27T06:41:26.381807+00:00,1,100,12189,15360
2026-09-27T06:41:27.434408+00:00,0,100,12455,15360
2026-09-27T06:41:27.434408+00:00,1,100,12189,15360
2026-09-27T06:41:28.487785+00:00,0,100,12455,15360
2026-09-27T06:41:28.487785+00:00,1,100,12189,15360
2026-09-27T06:41:29.539738+00:00,0,100,12455,15360
2026-09-27T06:41:29.539738+00:00,1,99,12189,15360
2026-09-27T06:41:30.599391+00:00,0,100,12455,15360
2026-09-27T06:41:30.599391+00:00,1,100,12189,15360
2026-09-27T06:41:31.647515+00:00,0,100,12455,15360
2026-09-27T06:41:31.647515+00:00,1,100,12189,15360
2026-09-27T06:41:32.698112+00:00,0,100,12455,15360
2026-09-27T06:41:32.698112+00:00,1,100,12189,15360
2026-09-27T06:41:33.747921+00:00,0,100,12455,15360
2026-09-27T06:41:33.747921+00:00,1,100,12189,15360
2026-09-27T06:41:34.801705+00:00,0,100,12455,15360
2026-09-27T06:41:34.801705+00:00,1,100,12189,15360
2026-09-27T06:41:35.858797+00:00,0,100,12455,15360
2026-09-27T06:41:35.858797+00:00,1,100,12189,15360
2026-09-27T06:41:36.909447+00:00,0,100,12455,15360
2026-09-27T06:41:36.909447+00:00,1,100,12189,15360
2026-09-27T06:41:37.961381+00:00,0,100,12455,15360
2026-09-27T06:41:37.961381+00:00,1,100,12189,15360
2026-09-27T06:41:39.013351+00:00,0,100,12455,15360
2026-09-27T06:41:39.013351+00:00,1,100,12189,15360
2026-09-27T06:41:40.063863+00:00,0,100,12455,15360
2026-09-27T06:41:40.063863+00:00,1,100,12189,15360
2026-09-27T06:41:41.110424+00:00,0,100,12455,15360
2026-09-27T06:41:41.110424+00:00,1,100,12189,15360
2026-09-27T06:41:42.163012+00:00,0,100,12455,15360
2026-09-27T06:41:42.163012+00:00,1,100,12189,15360
2026-09-27T06:41:43.217866+00:00,0,100,12455,15360
2026-09-27T06:41:43.217866+00:00,1,100,12189,15360
2026-09-27T06:41:44.271789+00:00,0,100,12455,15360
2026-09-27T06:41:44.271789+00:00,1,100,12189,15360
2026-09-27T06:41:45.322907+00:00,0,100,12455,15360
2026-09-27T06:41:45.322907+00:00,1,100,12189,15360
2026-09-27T06:41:46.380861+00:00,0,100,12455,15360
2026-09-27T06:41:46.380861+00:00,1,100,12189,15360
2026-09-27T06:41:47.431783+00:00,0,100,12455,15360
2026-09-27T06:41:47.431783+00:00,1,100,12189,15360
2026-09-27T06:41:48.481542+00:00,0,100,12455,15360
2026-09-27T06:41:48.481542+00:00,1,100,12189,15360
2026-09-27T06:41:49.531853+00:00,0,100,12455,15360
2026-09-27T06:41:49.531853+00:00,1,100,12189,15360
2026-09-27T06:41:50.582634+00:00,0,100,12455,15360
2026-09-27T06:41:50.582634+00:00,1,100,12189,15360
2026-09-27T06:41:51.633013+00:00,0,100,12455,15360
2026-09-27T06:41:51.633013+00:00,1,100,12189,15360
2026-09-27T06:41:52.681288+00:00,0,100,12455,15360
2026-09-27T06:41:52.681288+00:00,1,100,12189,15360
2026-09-27T06:41:53.729551+00:00,0,100,12455,15360
2026-09-27T06:41:53.729551+00:00,1,100,12189,15360
2026-09-27T06:41:54.786795+00:00,0,100,12455,15360
2026-09-27T06:41:54.786795+00:00,1,100,12189,15360
2026-09-27T06:41:55.838805+00:00,0,100,12455,15360
2026-09-27T06:41:55.838805+00:00,1,100,12189,15360
2026-09-27T06:41:56.890831+00:00,0,100,12455,15360
2026-09-27T06:41:56.890831+00:00,1,100,12189,15360
2026-09-27T06:41:57.943853+00:00,0,100,12455,15360
2026-09-27T06:41:57.943853+00:00,1,100,12189,15360
2026-09-27T06:41:58.996174+00:00,0,100,12455,15360
2026-09-27T06:41:58.996174+00:00,1,100,12189,15360
2026-09-27T06:42:00.046574+00:00,0,100,12455,15360
2026-09-27T06:42:00.046574+00:00,1,100,12189,15360
2026-09-27T06:42:01.101803+00:00,0,100,12455,15360
2026-09-27T06:42:01.101803+00:00,1,100,12189,15360
2026-09-27T06:42:02.155176+00:00,0,100,12455,15360
2026-09-27T06:42:02.155176+00:00,1,100,12189,15360
2026-09-27T06:42:03.206970+00:00,0,100,12455,15360
2026-09-27T06:42:03.206970+00:00,1,100,12189,15360
2026-09-27T06:42:04.258798+00:00,0,100,12455,15360
2026-09-27T06:42:04.258798+00:00,1,100,12189,15360
2026-09-27T06:42:05.313846+00:00,0,100,12455,15360
2026-09-27T06:42:05.313846+00:00,1,100,12189,15360
2026-09-27T06:42:06.370769+00:00,0,100,12455,15360
2026-09-27T06:42:06.370769+00:00,1,100,12189,15360
2026-09-27T06:42:07.424182+00:00,0,100,12455,15360
2026-09-27T06:42:07.424182+00:00,1,100,12189,15360
2026-09-27T06:42:08.476112+00:00,0,100,12455,15360
2026-09-27T06:42:08.476112+00:00,1,100,12189,15360
2026-09-27T06:42:09.526534+00:00,0,100,12455,15360
2026-09-27T06:42:09.526534+00:00,1,100,12189,15360
2026-09-27T06:42:10.587365+00:00,0,100,12455,15360
2026-09-27T06:42:10.587365+00:00,1,100,12189,15360
2026-09-27T06:42:11.646009+00:00,0,100,12455,15360
2026-09-27T06:42:11.646009+00:00,1,100,12189,15360
2026-09-27T06:42:12.704339+00:00,0,100,12455,15360
2026-09-27T06:42:12.704339+00:00,1,100,12189,15360
2026-09-27T06:42:13.756890+00:00,0,100,12455,15360
2026-09-27T06:42:13.756890+00:00,1,100,12189,15360
2026-09-27T06:42:14.805429+00:00,0,100,12455,15360
2026-09-27T06:42:14.805429+00:00,1,100,12189,15360
2026-09-27T06:42:15.855281+00:00,0,100,12455,15360
2026-09-27T06:42:15.855281+00:00,1,100,12189,15360
2026-09-27T06:42:16.904788+00:00,0,100,12455,15360
2026-09-27T06:42:16.904788+00:00,1,100,12189,15360
2026-09-27T06:42:17.955859+00:00,0,100,12455,15360
2026-09-27T06:42:17.955859+00:00,1,100,12189,15360
2026-09-27T06:42:19.010283+00:00,0,100,12455,15360
2026-09-27T06:42:19.010283+00:00,1,100,12189,15360
2026-09-27T06:42:20.058793+00:00,0,100,12455,15360
2026-09-27T06:42:20.058793+00:00,1,100,12189,15360
2026-09-27T06:42:21.109035+00:00,0,100,12455,15360
2026-09-27T06:42:21.109035+00:00,1,100,12189,15360
2026-09-27T06:42:22.159771+00:00,0,100,12455,15360
2026-09-27T06:42:22.159771+00:00,1,100,12189,15360
2026-09-27T06:42:23.208646+00:00,0,100,12455,15360
2026-09-27T06:42:23.208646+00:00,1,100,12189,15360
2026-09-27T06:42:24.262276+00:00,0,100,12455,15360
2026-09-27T06:42:24.262276+00:00,1,100,12189,15360
2026-09-27T06:42:25.313778+00:00,0,100,12455,15360
2026-09-27T06:42:25.313778+00:00,1,100,12189,15360
2026-09-27T06:42:26.367459+00:00,0,100,12455,15360
2026-09-27T06:42:26.367459+00:00,1,100,12189,15360
2026-09-27T06:42:27.416996+00:00,0,100,12455,15360
2026-09-27T06:42:27.416996+00:00,1,100,12189,15360
2026-09-27T06:42:28.468825+00:00,0,100,12455,15360
2026-09-27T06:42:28.468825+00:00,1,100,12189,15360
2026-09-27T06:42:29.524819+00:00,0,100,12455,15360
2026-09-27T06:42:29.524819+00:00,1,100,12189,15360
2026-09-27T06:42:30.580782+00:00,0,100,12455,15360
2026-09-27T06:42:30.580782+00:00,1,100,12189,15360
2026-09-27T06:42:31.632834+00:00,0,100,12455,15360
2026-09-27T06:42:31.632834+00:00,1,100,12189,15360
2026-09-27T06:42:32.683800+00:00,0,100,12455,15360
2026-09-27T06:42:32.683800+00:00,1,100,12189,15360
2026-09-27T06:42:33.739772+00:00,0,100,12455,15360
2026-09-27T06:42:33.739772+00:00,1,100,12189,15360
2026-09-27T06:42:34.793110+00:00,0,100,12455,15360
2026-09-27T06:42:34.793110+00:00,1,100,12189,15360
2026-09-27T06:42:35.841816+00:00,0,100,12455,15360
2026-09-27T06:42:35.841816+00:00,1,100,12189,15360
2026-09-27T06:42:36.898787+00:00,0,100,12455,15360
2026-09-27T06:42:36.898787+00:00,1,100,12189,15360
2026-09-27T06:42:37.949817+00:00,0,100,12455,15360
2026-09-27T06:42:37.949817+00:00,1,100,12189,15360
2026-09-27T06:42:39.000814+00:00,0,100,12455,15360
2026-09-27T06:42:39.000814+00:00,1,100,12189,15360
2026-09-27T06:42:40.051272+00:00,0,100,12455,15360
2026-09-27T06:42:40.051272+00:00,1,100,12189,15360
2026-09-27T06:42:41.104661+00:00,0,100,12455,15360
2026-09-27T06:42:41.104661+00:00,1,100,12189,15360
2026-09-27T06:42:42.157206+00:00,0,100,12455,15360
2026-09-27T06:42:42.157206+00:00,1,100,12189,15360
2026-09-27T06:42:43.209775+00:00,0,100,12455,15360
2026-09-27T06:42:43.209775+00:00,1,100,12189,15360
2026-09-27T06:42:44.261781+00:00,0,100,12455,15360
2026-09-27T06:42:44.261781+00:00,1,100,12189,15360
2026-09-27T06:42:45.312864+00:00,0,100,12455,15360
2026-09-27T06:42:45.312864+00:00,1,100,12189,15360
2026-09-27T06:42:46.360683+00:00,0,100,12455,15360
2026-09-27T06:42:46.360683+00:00,1,100,12189,15360
2026-09-27T06:42:47.409347+00:00,0,100,12455,15360
2026-09-27T06:42:47.409347+00:00,1,100,12189,15360
2026-09-27T06:42:48.456543+00:00,0,100,12455,15360
2026-09-27T06:42:48.456543+00:00,1,100,12189,15360
2026-09-27T06:42:49.528835+00:00,0,100,12455,15360
2026-09-27T06:42:49.528835+00:00,1,100,12189,15360
2026-09-27T06:42:50.581525+00:00,0,100,12455,15360
2026-09-27T06:42:50.581525+00:00,1,100,12189,15360
2026-09-27T06:42:51.633048+00:00,0,100,12455,15360
2026-09-27T06:42:51.633048+00:00,1,100,12189,15360
2026-09-27T06:42:52.688844+00:00,0,100,12455,15360
2026-09-27T06:42:52.688844+00:00,1,100,12189,15360
2026-09-27T06:42:53.743893+00:00,0,100,12455,15360
2026-09-27T06:42:53.743893+00:00,1,100,12189,15360
2026-09-27T06:42:54.794963+00:00,0,100,12455,15360
2026-09-27T06:42:54.794963+00:00,1,100,12189,15360
2026-09-27T06:42:55.851155+00:00,0,100,12455,15360
2026-09-27T06:42:55.851155+00:00,1,100,12189,15360
2026-09-27T06:42:56.910845+00:00,0,100,12455,15360
2026-09-27T06:42:56.910845+00:00,1,100,12189,15360
2026-09-27T06:42:57.966189+00:00,0,100,12455,15360
2026-09-27T06:42:57.966189+00:00,1,100,12189,15360
2026-09-27T06:42:59.015926+00:00,0,100,12455,15360
2026-09-27T06:42:59.015926+00:00,1,100,12189,15360
2026-09-27T06:43:00.067807+00:00,0,100,12455,15360
2026-09-27T06:43:00.067807+00:00,1,100,12189,15360
2026-09-27T06:43:01.121435+00:00,0,100,12455,15360
2026-09-27T06:43:01.121435+00:00,1,100,12189,15360
2026-09-27T06:43:02.173781+00:00,0,100,12455,15360
2026-09-27T06:43:02.173781+00:00,1,100,12189,15360
2026-09-27T06:43:03.231586+00:00,0,100,12455,15360
2026-09-27T06:43:03.231586+00:00,1,100,12189,15360
2026-09-27T06:43:04.276512+00:00,0,0,12455,15360
2026-09-27T06:43:04.276512+00:00,1,0,12189,15360
2026-09-27T06:43:05.337176+00:00,0,0,12455,15360
2026-09-27T06:43:05.337176+00:00,1,0,12189,15360
2026-09-27T06:43:06.375052+00:00,0,0,12455,15360
2026-09-27T06:43:06.375052+00:00,1,0,12189,15360
2026-09-27T06:43:07.412875+00:00,0,0,12455,15360
2026-09-27T06:43:07.412875+00:00,1,0,12189,15360
2026-09-27T06:43:08.449954+00:00,0,0,12455,15360
2026-09-27T06:43:08.449954+00:00,1,0,12189,15360
2026-09-27T06:43:09.487036+00:00,0,0,12455,15360
2026-09-27T06:43:09.487036+00:00,1,0,12189,15360
2026-09-27T06:43:10.524810+00:00,0,0,12455,15360
2026-09-27T06:43:10.524810+00:00,1,0,12189,15360
2026-09-27T06:43:11.564415+00:00,0,0,12455,15360
2026-09-27T06:43:11.564415+00:00,1,0,12189,15360
2026-09-27T06:43:12.602200+00:00,0,0,12455,15360
2026-09-27T06:43:12.602200+00:00,1,0,12189,15360
2026-09-27T06:43:13.640476+00:00,0,0,12455,15360
2026-09-27T06:43:13.640476+00:00,1,0,12189,15360
2026-09-27T06:43:14.678663+00:00,0,0,12455,15360
2026-09-27T06:43:14.678663+00:00,1,0,12189,15360
2026-09-27T06:43:15.716349+00:00,0,0,12455,15360
2026-09-27T06:43:15.716349+00:00,1,0,12189,15360
2026-09-27T06:43:16.753857+00:00,0,0,12455,15360
2026-09-27T06:43:16.753857+00:00,1,0,12189,15360
2026-09-27T06:43:17.791612+00:00,0,0,12455,15360
2026-09-27T06:43:17.791612+00:00,1,0,12189,15360
2026-09-27T06:43:18.829040+00:00,0,0,12455,15360
2026-09-27T06:43:18.829040+00:00,1,0,12189,15360
2026-09-27T06:43:19.892157+00:00,0,0,12455,15360
2026-09-27T06:43:19.892157+00:00,1,0,12189,15360
2026-09-27T06:43:20.929085+00:00,0,0,12455,15360
2026-09-27T06:43:20.929085+00:00,1,0,12189,15360
2026-09-27T06:43:21.966966+00:00,0,0,12455,15360
2026-09-27T06:43:21.966966+00:00,1,0,12189,15360
2026-09-27T06:43:23.004363+00:00,0,0,12455,15360
2026-09-27T06:43:23.004363+00:00,1,0,12189,15360
2026-09-27T06:43:24.041504+00:00,0,0,12455,15360
2026-09-27T06:43:24.041504+00:00,1,0,12189,15360
2026-09-27T06:43:25.080851+00:00,0,0,12455,15360
2026-09-27T06:43:25.080851+00:00,1,0,12189,15360
2026-09-27T06:43:26.118253+00:00,0,0,12455,15360
2026-09-27T06:43:26.118253+00:00,1,0,12189,15360
2026-09-27T06:43:27.156443+00:00,0,0,12455,15360
2026-09-27T06:43:27.156443+00:00,1,0,12189,15360
2026-09-27T06:43:28.193860+00:00,0,0,12455,15360
2026-09-27T06:43:28.193860+00:00,1,0,12189,15360
2026-09-27T06:43:29.231137+00:00,0,0,12455,15360
2026-09-27T06:43:29.231137+00:00,1,0,12189,15360
2026-09-27T06:43:30.269754+00:00,0,0,12455,15360
2026-09-27T06:43:30.269754+00:00,1,0,12189,15360
2026-09-27T06:43:31.316264+00:00,0,0,12455,15360
2026-09-27T06:43:31.316264+00:00,1,0,12189,15360
2026-09-27T06:43:32.370223+00:00,0,100,12455,15360
2026-09-27T06:43:32.370223+00:00,1,100,12189,15360
2026-09-27T06:43:33.426491+00:00,0,100,12455,15360
2026-09-27T06:43:33.426491+00:00,1,100,12189,15360
2026-09-27T06:43:34.492237+00:00,0,100,12455,15360
2026-09-27T06:43:34.492237+00:00,1,100,12189,15360
2026-09-27T06:43:35.541612+00:00,0,100,12455,15360
2026-09-27T06:43:35.541612+00:00,1,100,12189,15360
2026-09-27T06:43:36.597226+00:00,0,100,12455,15360
2026-09-27T06:43:36.597226+00:00,1,100,12189,15360
2026-09-27T06:43:37.648543+00:00,0,100,12455,15360
2026-09-27T06:43:37.648543+00:00,1,100,12189,15360
2026-09-27T06:43:38.717813+00:00,0,100,12455,15360
2026-09-27T06:43:38.717813+00:00,1,100,12189,15360
2026-09-27T06:43:39.768478+00:00,0,100,12455,15360
2026-09-27T06:43:39.768478+00:00,1,98,12189,15360
2026-09-27T06:43:40.820933+00:00,0,100,12455,15360
2026-09-27T06:43:40.820933+00:00,1,100,12189,15360
2026-09-27T06:43:41.873804+00:00,0,100,12455,15360
2026-09-27T06:43:41.873804+00:00,1,100,12189,15360
2026-09-27T06:43:42.928240+00:00,0,100,12455,15360
2026-09-27T06:43:42.928240+00:00,1,100,12189,15360
2026-09-27T06:43:43.980988+00:00,0,100,12455,15360
2026-09-27T06:43:43.980988+00:00,1,100,12189,15360
2026-09-27T06:43:45.042205+00:00,0,100,12455,15360
2026-09-27T06:43:45.042205+00:00,1,100,12189,15360
2026-09-27T06:43:46.092822+00:00,0,100,12455,15360
2026-09-27T06:43:46.092822+00:00,1,100,12189,15360
2026-09-27T06:43:47.148683+00:00,0,100,12455,15360
2026-09-27T06:43:47.148683+00:00,1,100,12189,15360
2026-09-27T06:43:48.207200+00:00,0,100,12455,15360
2026-09-27T06:43:48.207200+00:00,1,100,12189,15360
2026-09-27T06:43:49.265803+00:00,0,100,12455,15360
2026-09-27T06:43:49.265803+00:00,1,100,12189,15360
2026-09-27T06:43:50.315217+00:00,0,100,12455,15360
2026-09-27T06:43:50.315217+00:00,1,100,12189,15360
2026-09-27T06:43:51.371872+00:00,0,100,12455,15360
2026-09-27T06:43:51.371872+00:00,1,100,12189,15360
2026-09-27T06:43:52.425005+00:00,0,100,12455,15360
2026-09-27T06:43:52.425005+00:00,1,100,12189,15360
2026-09-27T06:43:53.475432+00:00,0,100,12455,15360
2026-09-27T06:43:53.475432+00:00,1,100,12189,15360
2026-09-27T06:43:54.527769+00:00,0,100,12455,15360
2026-09-27T06:43:54.527769+00:00,1,100,12189,15360
2026-09-27T06:43:55.580534+00:00,0,100,12455,15360
2026-09-27T06:43:55.580534+00:00,1,100,12189,15360
2026-09-27T06:43:56.638792+00:00,0,100,12455,15360
2026-09-27T06:43:56.638792+00:00,1,100,12189,15360
2026-09-27T06:43:57.692812+00:00,0,100,12455,15360
2026-09-27T06:43:57.692812+00:00,1,100,12189,15360
2026-09-27T06:43:58.742292+00:00,0,100,12455,15360
2026-09-27T06:43:58.742292+00:00,1,100,12189,15360
2026-09-27T06:43:59.813814+00:00,0,100,12455,15360
2026-09-27T06:43:59.813814+00:00,1,100,12189,15360
2026-09-27T06:44:00.868042+00:00,0,100,12455,15360
2026-09-27T06:44:00.868042+00:00,1,100,12189,15360
2026-09-27T06:44:01.918881+00:00,0,100,12455,15360
2026-09-27T06:44:01.918881+00:00,1,100,12189,15360
2026-09-27T06:44:02.973785+00:00,0,100,12455,15360
2026-09-27T06:44:02.973785+00:00,1,100,12189,15360
2026-09-27T06:44:04.032459+00:00,0,100,12455,15360
2026-09-27T06:44:04.032459+00:00,1,100,12189,15360
2026-09-27T06:44:05.088178+00:00,0,100,12455,15360
2026-09-27T06:44:05.088178+00:00,1,100,12189,15360
2026-09-27T06:44:06.139514+00:00,0,100,12455,15360
2026-09-27T06:44:06.139514+00:00,1,100,12189,15360
2026-09-27T06:44:07.190346+00:00,0,100,12455,15360
2026-09-27T06:44:07.190346+00:00,1,100,12189,15360
2026-09-27T06:44:08.241644+00:00,0,100,12455,15360
2026-09-27T06:44:08.241644+00:00,1,100,12189,15360
2026-09-27T06:44:09.288826+00:00,0,100,12455,15360
2026-09-27T06:44:09.288826+00:00,1,100,12189,15360
2026-09-27T06:44:10.342776+00:00,0,100,12455,15360
2026-09-27T06:44:10.342776+00:00,1,100,12189,15360
2026-09-27T06:44:11.391172+00:00,0,100,12455,15360
2026-09-27T06:44:11.391172+00:00,1,100,12189,15360
2026-09-27T06:44:12.442876+00:00,0,100,12455,15360
2026-09-27T06:44:12.442876+00:00,1,100,12189,15360
2026-09-27T06:44:13.498445+00:00,0,100,12455,15360
2026-09-27T06:44:13.498445+00:00,1,100,12189,15360
2026-09-27T06:44:14.555779+00:00,0,100,12455,15360
2026-09-27T06:44:14.555779+00:00,1,100,12189,15360
2026-09-27T06:44:15.605955+00:00,0,100,12455,15360
2026-09-27T06:44:15.605955+00:00,1,100,12189,15360
2026-09-27T06:44:16.656783+00:00,0,100,12455,15360
2026-09-27T06:44:16.656783+00:00,1,100,12189,15360
2026-09-27T06:44:17.712129+00:00,0,100,12455,15360
2026-09-27T06:44:17.712129+00:00,1,100,12189,15360
2026-09-27T06:44:18.763063+00:00,0,100,12455,15360
2026-09-27T06:44:18.763063+00:00,1,100,12189,15360
2026-09-27T06:44:19.816748+00:00,0,100,12455,15360
2026-09-27T06:44:19.816748+00:00,1,100,12189,15360
2026-09-27T06:44:20.866396+00:00,0,100,12455,15360
2026-09-27T06:44:20.866396+00:00,1,100,12189,15360
2026-09-27T06:44:21.920782+00:00,0,100,12455,15360
2026-09-27T06:44:21.920782+00:00,1,100,12189,15360
2026-09-27T06:44:22.973808+00:00,0,100,12455,15360
2026-09-27T06:44:22.973808+00:00,1,100,12189,15360
2026-09-27T06:44:24.029819+00:00,0,100,12455,15360
2026-09-27T06:44:24.029819+00:00,1,100,12189,15360
2026-09-27T06:44:25.081775+00:00,0,100,12455,15360
2026-09-27T06:44:25.081775+00:00,1,100,12189,15360
2026-09-27T06:44:26.139788+00:00,0,100,12455,15360
2026-09-27T06:44:26.139788+00:00,1,100,12189,15360
2026-09-27T06:44:27.188813+00:00,0,100,12455,15360
2026-09-27T06:44:27.188813+00:00,1,100,12189,15360
2026-09-27T06:44:28.242818+00:00,0,100,12455,15360
2026-09-27T06:44:28.242818+00:00,1,100,12189,15360
2026-09-27T06:44:29.296852+00:00,0,100,12455,15360
2026-09-27T06:44:29.296852+00:00,1,100,12189,15360
2026-09-27T06:44:30.350836+00:00,0,100,12455,15360
2026-09-27T06:44:30.350836+00:00,1,100,12189,15360
2026-09-27T06:44:31.414778+00:00,0,100,12455,15360
2026-09-27T06:44:31.414778+00:00,1,100,12189,15360
2026-09-27T06:44:32.471658+00:00,0,100,12455,15360
2026-09-27T06:44:32.471658+00:00,1,100,12189,15360
2026-09-27T06:44:33.526999+00:00,0,100,12455,15360
2026-09-27T06:44:33.526999+00:00,1,100,12189,15360
2026-09-27T06:44:34.579580+00:00,0,100,12455,15360
2026-09-27T06:44:34.579580+00:00,1,100,12189,15360
2026-09-27T06:44:35.628890+00:00,0,100,12455,15360
2026-09-27T06:44:35.628890+00:00,1,100,12189,15360
2026-09-27T06:44:36.680790+00:00,0,100,12455,15360
2026-09-27T06:44:36.680790+00:00,1,100,12189,15360
2026-09-27T06:44:37.732425+00:00,0,100,12455,15360
2026-09-27T06:44:37.732425+00:00,1,100,12189,15360
2026-09-27T06:44:38.783783+00:00,0,100,12455,15360
2026-09-27T06:44:38.783783+00:00,1,100,12189,15360
2026-09-27T06:44:39.839939+00:00,0,100,12455,15360
2026-09-27T06:44:39.839939+00:00,1,100,12189,15360
2026-09-27T06:44:40.892071+00:00,0,100,12455,15360
2026-09-27T06:44:40.892071+00:00,1,100,12189,15360
2026-09-27T06:44:41.945846+00:00,0,100,12455,15360
2026-09-27T06:44:41.945846+00:00,1,100,12189,15360
2026-09-27T06:44:42.996893+00:00,0,100,12455,15360
2026-09-27T06:44:42.996893+00:00,1,100,12189,15360
2026-09-27T06:44:44.046918+00:00,0,100,12455,15360
2026-09-27T06:44:44.046918+00:00,1,100,12189,15360
2026-09-27T06:44:45.096900+00:00,0,100,12455,15360
2026-09-27T06:44:45.096900+00:00,1,100,12189,15360
2026-09-27T06:44:46.145793+00:00,0,100,12455,15360
2026-09-27T06:44:46.145793+00:00,1,100,12189,15360
2026-09-27T06:44:47.201822+00:00,0,100,12455,15360
2026-09-27T06:44:47.201822+00:00,1,100,12189,15360
2026-09-27T06:44:48.252468+00:00,0,100,12455,15360
2026-09-27T06:44:48.252468+00:00,1,100,12189,15360
2026-09-27T06:44:49.307362+00:00,0,100,12455,15360
2026-09-27T06:44:49.307362+00:00,1,100,12189,15360
2026-09-27T06:44:50.366746+00:00,0,100,12455,15360
2026-09-27T06:44:50.366746+00:00,1,100,12189,15360
2026-09-27T06:44:51.416884+00:00,0,100,12455,15360
2026-09-27T06:44:51.416884+00:00,1,100,12189,15360
2026-09-27T06:44:52.471823+00:00,0,100,12455,15360
2026-09-27T06:44:52.471823+00:00,1,100,12189,15360
2026-09-27T06:44:53.525646+00:00,0,100,12455,15360
2026-09-27T06:44:53.525646+00:00,1,100,12189,15360
2026-09-27T06:44:54.576830+00:00,0,100,12455,15360
2026-09-27T06:44:54.576830+00:00,1,100,12189,15360
2026-09-27T06:44:55.636197+00:00,0,100,12455,15360
2026-09-27T06:44:55.636197+00:00,1,100,12189,15360
2026-09-27T06:44:56.691348+00:00,0,100,12455,15360
2026-09-27T06:44:56.691348+00:00,1,100,12189,15360
2026-09-27T06:44:57.743900+00:00,0,100,12455,15360
2026-09-27T06:44:57.743900+00:00,1,100,12189,15360
2026-09-27T06:44:58.794061+00:00,0,100,12455,15360
2026-09-27T06:44:58.794061+00:00,1,100,12189,15360
2026-09-27T06:44:59.874431+00:00,0,100,12455,15360
2026-09-27T06:44:59.874431+00:00,1,100,12189,15360
2026-09-27T06:45:00.924685+00:00,0,100,12455,15360
2026-09-27T06:45:00.924685+00:00,1,100,12189,15360
2026-09-27T06:45:01.978039+00:00,0,100,12455,15360
2026-09-27T06:45:01.978039+00:00,1,100,12189,15360
2026-09-27T06:45:03.031871+00:00,0,100,12455,15360
2026-09-27T06:45:03.031871+00:00,1,100,12189,15360
2026-09-27T06:45:04.084843+00:00,0,100,12455,15360
2026-09-27T06:45:04.084843+00:00,1,100,12189,15360
2026-09-27T06:45:05.137638+00:00,0,100,12455,15360
2026-09-27T06:45:05.137638+00:00,1,100,12189,15360
2026-09-27T06:45:06.190779+00:00,0,100,12455,15360
2026-09-27T06:45:06.190779+00:00,1,100,12189,15360
2026-09-27T06:45:07.241545+00:00,0,100,12455,15360
2026-09-27T06:45:07.241545+00:00,1,100,12189,15360
2026-09-27T06:45:08.297326+00:00,0,100,12455,15360
2026-09-27T06:45:08.297326+00:00,1,100,12189,15360
2026-09-27T06:45:09.346619+00:00,0,0,12455,15360
2026-09-27T06:45:09.346619+00:00,1,32,12189,15360
2026-09-27T06:45:10.382528+00:00,0,0,12455,15360
2026-09-27T06:45:10.382528+00:00,1,0,12189,15360
2026-09-27T06:45:11.420540+00:00,0,0,12455,15360
2026-09-27T06:45:11.420540+00:00,1,0,12189,15360
2026-09-27T06:45:12.458279+00:00,0,0,12455,15360
2026-09-27T06:45:12.458279+00:00,1,0,12189,15360
2026-09-27T06:45:13.496575+00:00,0,0,12455,15360
2026-09-27T06:45:13.496575+00:00,1,0,12189,15360
2026-09-27T06:45:14.533851+00:00,0,0,12455,15360
2026-09-27T06:45:14.533851+00:00,1,0,12189,15360
2026-09-27T06:45:15.570637+00:00,0,0,12455,15360
2026-09-27T06:45:15.570637+00:00,1,0,12189,15360
2026-09-27T06:45:16.607810+00:00,0,0,12455,15360
2026-09-27T06:45:16.607810+00:00,1,0,12189,15360
2026-09-27T06:45:17.646021+00:00,0,0,12455,15360
2026-09-27T06:45:17.646021+00:00,1,0,12189,15360
2026-09-27T06:45:18.683459+00:00,0,0,12455,15360
2026-09-27T06:45:18.683459+00:00,1,0,12189,15360
2026-09-27T06:45:19.722443+00:00,0,0,12455,15360
2026-09-27T06:45:19.722443+00:00,1,0,12189,15360
2026-09-27T06:45:20.759573+00:00,0,0,12455,15360
2026-09-27T06:45:20.759573+00:00,1,0,12189,15360
2026-09-27T06:45:21.797367+00:00,0,0,12455,15360
2026-09-27T06:45:21.797367+00:00,1,0,12189,15360
2026-09-27T06:45:22.833971+00:00,0,0,12455,15360
2026-09-27T06:45:22.833971+00:00,1,0,12189,15360
2026-09-27T06:45:23.872165+00:00,0,0,12455,15360
2026-09-27T06:45:23.872165+00:00,1,0,12189,15360
2026-09-27T06:45:24.909525+00:00,0,0,12455,15360
2026-09-27T06:45:24.909525+00:00,1,0,12189,15360
2026-09-27T06:45:25.947301+00:00,0,0,12455,15360
2026-09-27T06:45:25.947301+00:00,1,0,12189,15360
2026-09-27T06:45:26.985087+00:00,0,0,12455,15360
2026-09-27T06:45:26.985087+00:00,1,0,12189,15360
2026-09-27T06:45:28.023082+00:00,0,0,12455,15360
2026-09-27T06:45:28.023082+00:00,1,0,12189,15360
2026-09-27T06:45:29.060988+00:00,0,0,12455,15360
2026-09-27T06:45:29.060988+00:00,1,0,12189,15360
2026-09-27T06:45:30.099011+00:00,0,0,12455,15360
2026-09-27T06:45:30.099011+00:00,1,0,12189,15360
2026-09-27T06:45:31.137568+00:00,0,0,12455,15360
2026-09-27T06:45:31.137568+00:00,1,0,12189,15360
2026-09-27T06:45:32.176183+00:00,0,0,12455,15360
2026-09-27T06:45:32.176183+00:00,1,0,12189,15360
2026-09-27T06:45:33.214465+00:00,0,0,12455,15360
2026-09-27T06:45:33.214465+00:00,1,0,12189,15360
2026-09-27T06:45:34.252692+00:00,0,0,12455,15360
2026-09-27T06:45:34.252692+00:00,1,0,12189,15360
2026-09-27T06:45:35.290951+00:00,0,0,12455,15360
2026-09-27T06:45:35.290951+00:00,1,0,12189,15360
2026-09-27T06:45:36.327840+00:00,0,0,12455,15360
2026-09-27T06:45:36.327840+00:00,1,0,12189,15360
2026-09-27T06:45:37.381605+00:00,0,100,12455,15360
2026-09-27T06:45:37.381605+00:00,1,99,12189,15360
2026-09-27T06:45:38.436571+00:00,0,100,12455,15360
2026-09-27T06:45:38.436571+00:00,1,100,12189,15360
2026-09-27T06:45:39.491817+00:00,0,100,12455,15360
2026-09-27T06:45:39.491817+00:00,1,100,12189,15360
2026-09-27T06:45:40.548794+00:00,0,100,12455,15360
2026-09-27T06:45:40.548794+00:00,1,100,12189,15360
2026-09-27T06:45:41.599898+00:00,0,100,12455,15360
2026-09-27T06:45:41.599898+00:00,1,100,12189,15360
2026-09-27T06:45:42.649116+00:00,0,100,12455,15360
2026-09-27T06:45:42.649116+00:00,1,100,12189,15360
2026-09-27T06:45:43.700820+00:00,0,100,12455,15360
2026-09-27T06:45:43.700820+00:00,1,100,12189,15360
2026-09-27T06:45:44.762089+00:00,0,100,12455,15360
2026-09-27T06:45:44.762089+00:00,1,100,12189,15360
2026-09-27T06:45:45.812803+00:00,0,100,12455,15360
2026-09-27T06:45:45.812803+00:00,1,100,12189,15360
2026-09-27T06:45:46.867431+00:00,0,100,12455,15360
2026-09-27T06:45:46.867431+00:00,1,100,12189,15360
2026-09-27T06:45:47.919182+00:00,0,100,12455,15360
2026-09-27T06:45:47.919182+00:00,1,100,12189,15360
2026-09-27T06:45:48.974806+00:00,0,100,12455,15360
2026-09-27T06:45:48.974806+00:00,1,100,12189,15360
2026-09-27T06:45:50.029544+00:00,0,100,12455,15360
2026-09-27T06:45:50.029544+00:00,1,100,12189,15360
2026-09-27T06:45:51.084918+00:00,0,100,12455,15360
2026-09-27T06:45:51.084918+00:00,1,100,12189,15360
2026-09-27T06:45:52.133934+00:00,0,100,12455,15360
2026-09-27T06:45:52.133934+00:00,1,100,12189,15360
2026-09-27T06:45:53.189809+00:00,0,100,12455,15360
2026-09-27T06:45:53.189809+00:00,1,100,12189,15360
2026-09-27T06:45:54.241780+00:00,0,100,12455,15360
2026-09-27T06:45:54.241780+00:00,1,100,12189,15360
2026-09-27T06:45:55.292815+00:00,0,100,12455,15360
2026-09-27T06:45:55.292815+00:00,1,100,12189,15360
2026-09-27T06:45:56.347816+00:00,0,100,12455,15360
2026-09-27T06:45:56.347816+00:00,1,100,12189,15360
2026-09-27T06:45:57.398847+00:00,0,100,12455,15360
2026-09-27T06:45:57.398847+00:00,1,100,12189,15360
2026-09-27T06:45:58.449829+00:00,0,100,12455,15360
2026-09-27T06:45:58.449829+00:00,1,100,12189,15360
2026-09-27T06:45:59.505792+00:00,0,100,12455,15360
2026-09-27T06:45:59.505792+00:00,1,100,12189,15360
2026-09-27T06:46:00.558811+00:00,0,100,12455,15360
2026-09-27T06:46:00.558811+00:00,1,100,12189,15360
2026-09-27T06:46:01.606888+00:00,0,100,12455,15360
2026-09-27T06:46:01.606888+00:00,1,100,12189,15360
2026-09-27T06:46:02.654754+00:00,0,100,12455,15360
2026-09-27T06:46:02.654754+00:00,1,100,12189,15360
2026-09-27T06:46:03.703185+00:00,0,100,12455,15360
2026-09-27T06:46:03.703185+00:00,1,100,12189,15360
2026-09-27T06:46:04.757919+00:00,0,100,12455,15360
2026-09-27T06:46:04.757919+00:00,1,100,12189,15360
2026-09-27T06:46:05.806438+00:00,0,100,12455,15360
2026-09-27T06:46:05.806438+00:00,1,100,12189,15360
2026-09-27T06:46:06.856813+00:00,0,100,12455,15360
2026-09-27T06:46:06.856813+00:00,1,100,12189,15360
2026-09-27T06:46:07.902468+00:00,0,100,12455,15360
2026-09-27T06:46:07.902468+00:00,1,100,12189,15360
2026-09-27T06:46:08.959427+00:00,0,100,12455,15360
2026-09-27T06:46:08.959427+00:00,1,100,12189,15360
2026-09-27T06:46:10.016529+00:00,0,100,12455,15360
2026-09-27T06:46:10.016529+00:00,1,100,12189,15360
2026-09-27T06:46:11.065576+00:00,0,100,12455,15360
2026-09-27T06:46:11.065576+00:00,1,100,12189,15360
2026-09-27T06:46:12.118350+00:00,0,100,12455,15360
2026-09-27T06:46:12.118350+00:00,1,100,12189,15360
2026-09-27T06:46:13.169451+00:00,0,100,12455,15360
2026-09-27T06:46:13.169451+00:00,1,100,12189,15360
2026-09-27T06:46:14.223269+00:00,0,100,12455,15360
2026-09-27T06:46:14.223269+00:00,1,100,12189,15360
2026-09-27T06:46:15.285583+00:00,0,100,12455,15360
2026-09-27T06:46:15.285583+00:00,1,100,12189,15360
2026-09-27T06:46:16.335658+00:00,0,100,12455,15360
2026-09-27T06:46:16.335658+00:00,1,100,12189,15360
2026-09-27T06:46:17.385856+00:00,0,100,12455,15360
2026-09-27T06:46:17.385856+00:00,1,100,12189,15360
2026-09-27T06:46:18.437828+00:00,0,100,12455,15360
2026-09-27T06:46:18.437828+00:00,1,100,12189,15360
2026-09-27T06:46:19.494828+00:00,0,100,12455,15360
2026-09-27T06:46:19.494828+00:00,1,100,12189,15360
2026-09-27T06:46:20.545446+00:00,0,100,12455,15360
2026-09-27T06:46:20.545446+00:00,1,100,12189,15360
2026-09-27T06:46:21.597727+00:00,0,100,12455,15360
2026-09-27T06:46:21.597727+00:00,1,100,12189,15360
2026-09-27T06:46:22.650963+00:00,0,100,12455,15360
2026-09-27T06:46:22.650963+00:00,1,100,12189,15360
2026-09-27T06:46:23.702279+00:00,0,100,12455,15360
2026-09-27T06:46:23.702279+00:00,1,100,12189,15360
2026-09-27T06:46:24.758891+00:00,0,100,12455,15360
2026-09-27T06:46:24.758891+00:00,1,100,12189,15360
2026-09-27T06:46:25.809986+00:00,0,100,12455,15360
2026-09-27T06:46:25.809986+00:00,1,100,12189,15360
2026-09-27T06:46:26.863674+00:00,0,100,12455,15360
2026-09-27T06:46:26.863674+00:00,1,100,12189,15360
2026-09-27T06:46:27.912551+00:00,0,100,12455,15360
2026-09-27T06:46:27.912551+00:00,1,100,12189,15360
2026-09-27T06:46:28.960474+00:00,0,100,12455,15360
2026-09-27T06:46:28.960474+00:00,1,100,12189,15360
2026-09-27T06:46:30.011988+00:00,0,100,12455,15360
2026-09-27T06:46:30.011988+00:00,1,100,12189,15360
2026-09-27T06:46:31.065834+00:00,0,100,12455,15360
2026-09-27T06:46:31.065834+00:00,1,100,12189,15360
2026-09-27T06:46:32.126808+00:00,0,100,12455,15360
2026-09-27T06:46:32.126808+00:00,1,100,12189,15360
2026-09-27T06:46:33.175159+00:00,0,100,12455,15360
2026-09-27T06:46:33.175159+00:00,1,100,12189,15360
2026-09-27T06:46:34.226515+00:00,0,100,12455,15360
2026-09-27T06:46:34.226515+00:00,1,100,12189,15360
2026-09-27T06:46:35.281412+00:00,0,100,12455,15360
2026-09-27T06:46:35.281412+00:00,1,100,12189,15360
2026-09-27T06:46:36.331678+00:00,0,100,12455,15360
2026-09-27T06:46:36.331678+00:00,1,100,12189,15360
2026-09-27T06:46:37.379746+00:00,0,100,12455,15360
2026-09-27T06:46:37.379746+00:00,1,100,12189,15360
2026-09-27T06:46:38.435888+00:00,0,100,12455,15360
2026-09-27T06:46:38.435888+00:00,1,100,12189,15360
2026-09-27T06:46:39.494414+00:00,0,100,12455,15360
2026-09-27T06:46:39.494414+00:00,1,100,12189,15360
2026-09-27T06:46:40.548803+00:00,0,100,12455,15360
2026-09-27T06:46:40.548803+00:00,1,100,12189,15360
2026-09-27T06:46:41.600474+00:00,0,100,12455,15360
2026-09-27T06:46:41.600474+00:00,1,100,12189,15360
2026-09-27T06:46:42.649492+00:00,0,100,12455,15360
2026-09-27T06:46:42.649492+00:00,1,100,12189,15360
2026-09-27T06:46:43.708937+00:00,0,100,12455,15360
2026-09-27T06:46:43.708937+00:00,1,100,12189,15360
2026-09-27T06:46:44.760864+00:00,0,100,12455,15360
2026-09-27T06:46:44.760864+00:00,1,100,12189,15360
2026-09-27T06:46:45.812836+00:00,0,100,12455,15360
2026-09-27T06:46:45.812836+00:00,1,100,12189,15360
2026-09-27T06:46:46.869802+00:00,0,100,12455,15360
2026-09-27T06:46:46.869802+00:00,1,100,12189,15360
2026-09-27T06:46:47.921803+00:00,0,100,12455,15360
2026-09-27T06:46:47.921803+00:00,1,100,12189,15360
2026-09-27T06:46:48.970810+00:00,0,100,12455,15360
2026-09-27T06:46:48.970810+00:00,1,100,12189,15360
2026-09-27T06:46:50.020761+00:00,0,100,12455,15360
2026-09-27T06:46:50.020761+00:00,1,100,12189,15360
2026-09-27T06:46:51.069887+00:00,0,100,12455,15360
2026-09-27T06:46:51.069887+00:00,1,100,12189,15360
2026-09-27T06:46:52.123357+00:00,0,100,12455,15360
2026-09-27T06:46:52.123357+00:00,1,100,12189,15360
2026-09-27T06:46:53.175343+00:00,0,100,12455,15360
2026-09-27T06:46:53.175343+00:00,1,100,12189,15360
2026-09-27T06:46:54.231095+00:00,0,100,12455,15360
2026-09-27T06:46:54.231095+00:00,1,100,12189,15360
2026-09-27T06:46:55.293790+00:00,0,100,12455,15360
2026-09-27T06:46:55.293790+00:00,1,100,12189,15360
2026-09-27T06:46:56.345350+00:00,0,100,12455,15360
2026-09-27T06:46:56.345350+00:00,1,100,12189,15360
2026-09-27T06:46:57.400778+00:00,0,100,12455,15360
2026-09-27T06:46:57.400778+00:00,1,100,12189,15360
2026-09-27T06:46:58.455818+00:00,0,100,12455,15360
2026-09-27T06:46:58.455818+00:00,1,100,12189,15360
2026-09-27T06:46:59.509020+00:00,0,100,12455,15360
2026-09-27T06:46:59.509020+00:00,1,100,12189,15360
2026-09-27T06:47:00.567668+00:00,0,100,12455,15360
2026-09-27T06:47:00.567668+00:00,1,100,12189,15360
2026-09-27T06:47:01.622820+00:00,0,100,12455,15360
2026-09-27T06:47:01.622820+00:00,1,100,12189,15360
2026-09-27T06:47:02.678762+00:00,0,100,12455,15360
2026-09-27T06:47:02.678762+00:00,1,100,12189,15360
2026-09-27T06:47:03.735306+00:00,0,100,12455,15360
2026-09-27T06:47:03.735306+00:00,1,100,12189,15360
2026-09-27T06:47:04.784820+00:00,0,100,12455,15360
2026-09-27T06:47:04.784820+00:00,1,100,12189,15360
2026-09-27T06:47:05.843726+00:00,0,100,12455,15360
2026-09-27T06:47:05.843726+00:00,1,100,12189,15360
2026-09-27T06:47:06.896526+00:00,0,100,12455,15360
2026-09-27T06:47:06.896526+00:00,1,100,12189,15360
2026-09-27T06:47:07.951313+00:00,0,100,12455,15360
2026-09-27T06:47:07.951313+00:00,1,100,12189,15360
2026-09-27T06:47:09.004295+00:00,0,100,12455,15360
2026-09-27T06:47:09.004295+00:00,1,100,12189,15360
2026-09-27T06:47:10.059852+00:00,0,100,12455,15360
2026-09-27T06:47:10.059852+00:00,1,100,12189,15360
2026-09-27T06:47:11.118817+00:00,0,100,12455,15360
2026-09-27T06:47:11.118817+00:00,1,100,12189,15360
2026-09-27T06:47:12.173803+00:00,0,100,12455,15360
2026-09-27T06:47:12.173803+00:00,1,100,12189,15360
2026-09-27T06:47:13.231862+00:00,0,100,12455,15360
2026-09-27T06:47:13.231862+00:00,1,100,12189,15360
2026-09-27T06:47:14.284773+00:00,0,100,12455,15360
2026-09-27T06:47:14.284773+00:00,1,100,12189,15360
2026-09-27T06:47:15.328017+00:00,0,0,12455,15360
2026-09-27T06:47:15.328017+00:00,1,0,12189,15360
2026-09-27T06:47:16.363660+00:00,0,0,12455,15360
2026-09-27T06:47:16.363660+00:00,1,0,12189,15360
2026-09-27T06:47:17.401316+00:00,0,0,12455,15360
2026-09-27T06:47:17.401316+00:00,1,0,12189,15360
2026-09-27T06:47:18.438837+00:00,0,0,12455,15360
2026-09-27T06:47:18.438837+00:00,1,0,12189,15360
2026-09-27T06:47:19.480396+00:00,0,0,12455,15360
2026-09-27T06:47:19.480396+00:00,1,0,12189,15360
2026-09-27T06:47:20.518922+00:00,0,0,12455,15360
2026-09-27T06:47:20.518922+00:00,1,0,12189,15360
2026-09-27T06:47:21.557462+00:00,0,0,12455,15360
2026-09-27T06:47:21.557462+00:00,1,0,12189,15360
2026-09-27T06:47:22.602973+00:00,0,0,12455,15360
2026-09-27T06:47:22.602973+00:00,1,0,12189,15360
2026-09-27T06:47:23.641538+00:00,0,0,12455,15360
2026-09-27T06:47:23.641538+00:00,1,0,12189,15360
2026-09-27T06:47:24.679881+00:00,0,0,12455,15360
2026-09-27T06:47:24.679881+00:00,1,0,12189,15360
2026-09-27T06:47:25.717398+00:00,0,0,12455,15360
2026-09-27T06:47:25.717398+00:00,1,0,12189,15360
2026-09-27T06:47:26.755595+00:00,0,0,12455,15360
2026-09-27T06:47:26.755595+00:00,1,0,12189,15360
2026-09-27T06:47:27.793313+00:00,0,0,12455,15360
2026-09-27T06:47:27.793313+00:00,1,0,12189,15360
2026-09-27T06:47:28.830891+00:00,0,0,12455,15360
2026-09-27T06:47:28.830891+00:00,1,0,12189,15360
2026-09-27T06:47:29.869577+00:00,0,0,12455,15360
2026-09-27T06:47:29.869577+00:00,1,0,12189,15360
2026-09-27T06:47:30.907921+00:00,0,0,12455,15360
2026-09-27T06:47:30.907921+00:00,1,0,12189,15360
2026-09-27T06:47:31.945812+00:00,0,0,12455,15360
2026-09-27T06:47:31.945812+00:00,1,0,12189,15360
2026-09-27T06:47:32.983159+00:00,0,0,12455,15360
2026-09-27T06:47:32.983159+00:00,1,0,12189,15360
2026-09-27T06:47:34.021733+00:00,0,0,12455,15360
2026-09-27T06:47:34.021733+00:00,1,0,12189,15360
2026-09-27T06:47:35.059462+00:00,0,0,12455,15360
2026-09-27T06:47:35.059462+00:00,1,0,12189,15360
2026-09-27T06:47:36.097877+00:00,0,0,12455,15360
2026-09-27T06:47:36.097877+00:00,1,0,12189,15360
2026-09-27T06:47:37.135097+00:00,0,0,12455,15360
2026-09-27T06:47:37.135097+00:00,1,0,12189,15360
2026-09-27T06:47:38.172212+00:00,0,0,12455,15360
2026-09-27T06:47:38.172212+00:00,1,0,12189,15360
2026-09-27T06:47:39.210096+00:00,0,0,12455,15360
2026-09-27T06:47:39.210096+00:00,1,0,12189,15360
2026-09-27T06:47:40.247630+00:00,0,0,12455,15360
2026-09-27T06:47:40.247630+00:00,1,0,12189,15360
2026-09-27T06:47:41.285561+00:00,0,0,12455,15360
2026-09-27T06:47:41.285561+00:00,1,0,12189,15360
2026-09-27T06:47:42.334141+00:00,0,99,12455,15360
2026-09-27T06:47:42.334141+00:00,1,98,12189,15360
2026-09-27T06:47:43.386138+00:00,0,100,12455,15360
2026-09-27T06:47:43.386138+00:00,1,100,12189,15360
2026-09-27T06:47:44.436363+00:00,0,100,12455,15360
2026-09-27T06:47:44.436363+00:00,1,100,12189,15360
2026-09-27T06:47:45.494805+00:00,0,100,12455,15360
2026-09-27T06:47:45.494805+00:00,1,100,12189,15360
2026-09-27T06:47:46.549810+00:00,0,100,12455,15360
2026-09-27T06:47:46.549810+00:00,1,100,12189,15360
2026-09-27T06:47:47.600776+00:00,0,100,12455,15360
2026-09-27T06:47:47.600776+00:00,1,100,12189,15360
2026-09-27T06:47:48.651584+00:00,0,100,12455,15360
2026-09-27T06:47:48.651584+00:00,1,100,12189,15360
2026-09-27T06:47:49.705399+00:00,0,100,12455,15360
2026-09-27T06:47:49.705399+00:00,1,100,12189,15360
2026-09-27T06:47:50.756215+00:00,0,100,12455,15360
2026-09-27T06:47:50.756215+00:00,1,100,12189,15360
2026-09-27T06:47:51.805035+00:00,0,100,12455,15360
2026-09-27T06:47:51.805035+00:00,1,100,12189,15360
2026-09-27T06:47:52.858303+00:00,0,100,12455,15360
2026-09-27T06:47:52.858303+00:00,1,100,12189,15360
2026-09-27T06:47:53.907205+00:00,0,100,12455,15360
2026-09-27T06:47:53.907205+00:00,1,100,12189,15360
2026-09-27T06:47:54.956833+00:00,0,100,12455,15360
2026-09-27T06:47:54.956833+00:00,1,100,12189,15360
2026-09-27T06:47:56.009941+00:00,0,100,12455,15360
2026-09-27T06:47:56.009941+00:00,1,100,12189,15360
2026-09-27T06:47:57.064204+00:00,0,100,12455,15360
2026-09-27T06:47:57.064204+00:00,1,100,12189,15360
2026-09-27T06:47:58.112817+00:00,0,100,12455,15360
2026-09-27T06:47:58.112817+00:00,1,100,12189,15360
2026-09-27T06:47:59.163354+00:00,0,100,12455,15360
2026-09-27T06:47:59.163354+00:00,1,100,12189,15360
2026-09-27T06:48:00.211342+00:00,0,100,12455,15360
2026-09-27T06:48:00.211342+00:00,1,100,12189,15360
2026-09-27T06:48:01.264794+00:00,0,100,12455,15360
2026-09-27T06:48:01.264794+00:00,1,100,12189,15360
2026-09-27T06:48:02.314630+00:00,0,100,12455,15360
2026-09-27T06:48:02.314630+00:00,1,100,12189,15360
2026-09-27T06:48:03.363995+00:00,0,100,12455,15360
2026-09-27T06:48:03.363995+00:00,1,100,12189,15360
2026-09-27T06:48:04.412218+00:00,0,100,12455,15360
2026-09-27T06:48:04.412218+00:00,1,100,12189,15360
2026-09-27T06:48:05.466834+00:00,0,100,12455,15360
2026-09-27T06:48:05.466834+00:00,1,100,12189,15360
2026-09-27T06:48:06.516622+00:00,0,100,12455,15360
2026-09-27T06:48:06.516622+00:00,1,100,12189,15360
2026-09-27T06:48:07.567883+00:00,0,100,12455,15360
2026-09-27T06:48:07.567883+00:00,1,100,12189,15360
2026-09-27T06:48:08.623810+00:00,0,100,12455,15360
2026-09-27T06:48:08.623810+00:00,1,100,12189,15360
2026-09-27T06:48:09.674790+00:00,0,100,12455,15360
2026-09-27T06:48:09.674790+00:00,1,100,12189,15360
2026-09-27T06:48:10.737158+00:00,0,100,12455,15360
2026-09-27T06:48:10.737158+00:00,1,100,12189,15360
2026-09-27T06:48:11.785794+00:00,0,100,12455,15360
2026-09-27T06:48:11.785794+00:00,1,100,12189,15360
2026-09-27T06:48:12.835523+00:00,0,100,12455,15360
2026-09-27T06:48:12.835523+00:00,1,100,12189,15360
2026-09-27T06:48:13.894871+00:00,0,100,12455,15360
2026-09-27T06:48:13.894871+00:00,1,100,12189,15360
2026-09-27T06:48:14.951825+00:00,0,100,12455,15360
2026-09-27T06:48:14.951825+00:00,1,100,12189,15360
2026-09-27T06:48:16.002989+00:00,0,100,12455,15360
2026-09-27T06:48:16.002989+00:00,1,100,12189,15360
2026-09-27T06:48:17.052789+00:00,0,100,12455,15360
2026-09-27T06:48:17.052789+00:00,1,100,12189,15360
2026-09-27T06:48:18.103525+00:00,0,100,12455,15360
2026-09-27T06:48:18.103525+00:00,1,100,12189,15360
2026-09-27T06:48:19.153289+00:00,0,100,12455,15360
2026-09-27T06:48:19.153289+00:00,1,100,12189,15360
2026-09-27T06:48:20.200793+00:00,0,100,12455,15360
2026-09-27T06:48:20.200793+00:00,1,100,12189,15360
2026-09-27T06:48:21.249540+00:00,0,100,12455,15360
2026-09-27T06:48:21.249540+00:00,1,100,12189,15360
2026-09-27T06:48:22.298196+00:00,0,100,12455,15360
2026-09-27T06:48:22.298196+00:00,1,100,12189,15360
2026-09-27T06:48:23.358804+00:00,0,100,12455,15360
2026-09-27T06:48:23.358804+00:00,1,100,12189,15360
2026-09-27T06:48:24.415259+00:00,0,100,12455,15360
2026-09-27T06:48:24.415259+00:00,1,100,12189,15360
2026-09-27T06:48:25.470944+00:00,0,100,12455,15360
2026-09-27T06:48:25.470944+00:00,1,100,12189,15360
2026-09-27T06:48:26.525811+00:00,0,100,12455,15360
2026-09-27T06:48:26.525811+00:00,1,100,12189,15360
2026-09-27T06:48:27.577267+00:00,0,100,12455,15360
2026-09-27T06:48:27.577267+00:00,1,100,12189,15360
2026-09-27T06:48:28.631922+00:00,0,100,12455,15360
2026-09-27T06:48:28.631922+00:00,1,100,12189,15360
2026-09-27T06:48:29.682816+00:00,0,100,12455,15360
2026-09-27T06:48:29.682816+00:00,1,100,12189,15360
2026-09-27T06:48:30.736791+00:00,0,100,12455,15360
2026-09-27T06:48:30.736791+00:00,1,100,12189,15360
2026-09-27T06:48:31.783808+00:00,0,100,12455,15360
2026-09-27T06:48:31.783808+00:00,1,100,12189,15360
2026-09-27T06:48:32.831750+00:00,0,100,12455,15360
2026-09-27T06:48:32.831750+00:00,1,100,12189,15360
2026-09-27T06:48:33.880826+00:00,0,100,12455,15360
2026-09-27T06:48:33.880826+00:00,1,100,12189,15360
2026-09-27T06:48:34.931802+00:00,0,100,12455,15360
2026-09-27T06:48:34.931802+00:00,1,100,12189,15360
2026-09-27T06:48:35.984670+00:00,0,100,12455,15360
2026-09-27T06:48:35.984670+00:00,1,100,12189,15360
2026-09-27T06:48:37.036348+00:00,0,100,12455,15360
2026-09-27T06:48:37.036348+00:00,1,100,12189,15360
2026-09-27T06:48:38.088862+00:00,0,100,12455,15360
2026-09-27T06:48:38.088862+00:00,1,100,12189,15360
2026-09-27T06:48:39.136132+00:00,0,100,12455,15360
2026-09-27T06:48:39.136132+00:00,1,100,12189,15360
2026-09-27T06:48:40.192808+00:00,0,100,12455,15360
2026-09-27T06:48:40.192808+00:00,1,100,12189,15360
2026-09-27T06:48:41.248783+00:00,0,100,12455,15360
2026-09-27T06:48:41.248783+00:00,1,100,12189,15360
2026-09-27T06:48:42.302407+00:00,0,100,12455,15360
2026-09-27T06:48:42.302407+00:00,1,100,12189,15360
2026-09-27T06:48:43.361353+00:00,0,100,12455,15360
2026-09-27T06:48:43.361353+00:00,1,100,12189,15360
2026-09-27T06:48:44.414855+00:00,0,100,12455,15360
2026-09-27T06:48:44.414855+00:00,1,100,12189,15360
2026-09-27T06:48:45.468538+00:00,0,100,12455,15360
2026-09-27T06:48:45.468538+00:00,1,100,12189,15360
2026-09-27T06:48:46.521541+00:00,0,100,12455,15360
2026-09-27T06:48:46.521541+00:00,1,100,12189,15360
2026-09-27T06:48:47.572825+00:00,0,100,12455,15360
2026-09-27T06:48:47.572825+00:00,1,100,12189,15360
2026-09-27T06:48:48.621559+00:00,0,100,12455,15360
2026-09-27T06:48:48.621559+00:00,1,100,12189,15360
2026-09-27T06:48:49.672815+00:00,0,100,12455,15360
2026-09-27T06:48:49.672815+00:00,1,100,12189,15360
2026-09-27T06:48:50.721140+00:00,0,100,12455,15360
2026-09-27T06:48:50.721140+00:00,1,100,12189,15360
2026-09-27T06:48:51.770422+00:00,0,100,12455,15360
2026-09-27T06:48:51.770422+00:00,1,100,12189,15360
2026-09-27T06:48:52.822770+00:00,0,100,12455,15360
2026-09-27T06:48:52.822770+00:00,1,100,12189,15360
2026-09-27T06:48:53.875819+00:00,0,100,12455,15360
2026-09-27T06:48:53.875819+00:00,1,100,12189,15360
2026-09-27T06:48:54.923385+00:00,0,100,12455,15360
2026-09-27T06:48:54.923385+00:00,1,100,12189,15360
2026-09-27T06:48:55.978771+00:00,0,100,12455,15360
2026-09-27T06:48:55.978771+00:00,1,100,12189,15360
2026-09-27T06:48:57.038798+00:00,0,100,12455,15360
2026-09-27T06:48:57.038798+00:00,1,100,12189,15360
2026-09-27T06:48:58.089340+00:00,0,100,12455,15360
2026-09-27T06:48:58.089340+00:00,1,100,12189,15360
2026-09-27T06:48:59.142813+00:00,0,100,12455,15360
2026-09-27T06:48:59.142813+00:00,1,100,12189,15360
2026-09-27T06:49:00.199851+00:00,0,100,12455,15360
2026-09-27T06:49:00.199851+00:00,1,100,12189,15360
2026-09-27T06:49:01.252851+00:00,0,100,12455,15360
2026-09-27T06:49:01.252851+00:00,1,100,12189,15360
2026-09-27T06:49:02.316660+00:00,0,100,12455,15360
2026-09-27T06:49:02.316660+00:00,1,100,12189,15360
2026-09-27T06:49:03.372545+00:00,0,100,12455,15360
2026-09-27T06:49:03.372545+00:00,1,100,12189,15360
2026-09-27T06:49:04.427435+00:00,0,100,12455,15360
2026-09-27T06:49:04.427435+00:00,1,100,12189,15360
2026-09-27T06:49:05.477219+00:00,0,100,12455,15360
2026-09-27T06:49:05.477219+00:00,1,100,12189,15360
2026-09-27T06:49:06.527932+00:00,0,100,12455,15360
2026-09-27T06:49:06.527932+00:00,1,100,12189,15360
2026-09-27T06:49:07.579581+00:00,0,100,12455,15360
2026-09-27T06:49:07.579581+00:00,1,100,12189,15360
2026-09-27T06:49:08.629964+00:00,0,100,12455,15360
2026-09-27T06:49:08.629964+00:00,1,100,12189,15360
2026-09-27T06:49:09.685508+00:00,0,100,12455,15360
2026-09-27T06:49:09.685508+00:00,1,100,12189,15360
2026-09-27T06:49:10.743719+00:00,0,100,12455,15360
2026-09-27T06:49:10.743719+00:00,1,100,12189,15360
2026-09-27T06:49:11.794408+00:00,0,100,12455,15360
2026-09-27T06:49:11.794408+00:00,1,100,12189,15360
2026-09-27T06:49:12.843976+00:00,0,100,12455,15360
2026-09-27T06:49:12.843976+00:00,1,100,12189,15360
2026-09-27T06:49:13.899368+00:00,0,100,12455,15360
2026-09-27T06:49:13.899368+00:00,1,100,12189,15360
2026-09-27T06:49:14.951753+00:00,0,100,12455,15360
2026-09-27T06:49:14.951753+00:00,1,100,12189,15360
2026-09-27T06:49:16.006818+00:00,0,100,12455,15360
2026-09-27T06:49:16.006818+00:00,1,100,12189,15360
2026-09-27T06:49:17.059819+00:00,0,100,12455,15360
2026-09-27T06:49:17.059819+00:00,1,100,12189,15360
2026-09-27T06:49:18.115773+00:00,0,100,12455,15360
2026-09-27T06:49:18.115773+00:00,1,100,12189,15360
2026-09-27T06:49:19.166451+00:00,0,100,12455,15360
2026-09-27T06:49:19.166451+00:00,1,100,12189,15360
2026-09-27T06:49:20.210779+00:00,0,76,12455,15360
2026-09-27T06:49:20.210779+00:00,1,23,12189,15360
2026-09-27T06:49:21.246891+00:00,0,0,12455,15360
2026-09-27T06:49:21.246891+00:00,1,0,12189,15360
2026-09-27T06:49:22.284693+00:00,0,0,12455,15360
2026-09-27T06:49:22.284693+00:00,1,0,12189,15360
2026-09-27T06:49:23.322242+00:00,0,0,12455,15360
2026-09-27T06:49:23.322242+00:00,1,0,12189,15360
2026-09-27T06:49:24.360436+00:00,0,0,12455,15360
2026-09-27T06:49:24.360436+00:00,1,0,12189,15360
2026-09-27T06:49:25.399673+00:00,0,0,12455,15360
2026-09-27T06:49:25.399673+00:00,1,0,12189,15360
2026-09-27T06:49:26.438082+00:00,0,0,12455,15360
2026-09-27T06:49:26.438082+00:00,1,0,12189,15360
2026-09-27T06:49:27.475693+00:00,0,0,12455,15360
2026-09-27T06:49:27.475693+00:00,1,0,12189,15360
2026-09-27T06:49:28.513855+00:00,0,0,12455,15360
2026-09-27T06:49:28.513855+00:00,1,0,12189,15360
2026-09-27T06:49:29.551613+00:00,0,0,12455,15360
2026-09-27T06:49:29.551613+00:00,1,0,12189,15360
2026-09-27T06:49:30.589154+00:00,0,0,12455,15360
2026-09-27T06:49:30.589154+00:00,1,0,12189,15360
2026-09-27T06:49:31.627114+00:00,0,0,12455,15360
2026-09-27T06:49:31.627114+00:00,1,0,12189,15360
2026-09-27T06:49:32.664425+00:00,0,0,12455,15360
2026-09-27T06:49:32.664425+00:00,1,0,12189,15360
2026-09-27T06:49:33.701779+00:00,0,0,12455,15360
2026-09-27T06:49:33.701779+00:00,1,0,12189,15360
2026-09-27T06:49:34.739254+00:00,0,0,12455,15360
2026-09-27T06:49:34.739254+00:00,1,0,12189,15360
2026-09-27T06:49:35.777082+00:00,0,0,12455,15360
2026-09-27T06:49:35.777082+00:00,1,0,12189,15360
2026-09-27T06:49:36.815665+00:00,0,0,12455,15360
2026-09-27T06:49:36.815665+00:00,1,0,12189,15360
2026-09-27T06:49:37.853539+00:00,0,0,12455,15360
2026-09-27T06:49:37.853539+00:00,1,0,12189,15360
2026-09-27T06:49:38.902901+00:00,0,0,12455,15360
2026-09-27T06:49:38.902901+00:00,1,0,12189,15360
2026-09-27T06:49:39.940655+00:00,0,0,12455,15360
2026-09-27T06:49:39.940655+00:00,1,0,12189,15360
2026-09-27T06:49:40.978570+00:00,0,0,12455,15360
2026-09-27T06:49:40.978570+00:00,1,0,12189,15360
2026-09-27T06:49:42.016092+00:00,0,0,12455,15360
2026-09-27T06:49:42.016092+00:00,1,0,12189,15360
2026-09-27T06:49:43.054750+00:00,0,0,12455,15360
2026-09-27T06:49:43.054750+00:00,1,0,12189,15360
2026-09-27T06:49:44.092791+00:00,0,0,12455,15360
2026-09-27T06:49:44.092791+00:00,1,0,12189,15360
2026-09-27T06:49:45.130133+00:00,0,0,12455,15360
2026-09-27T06:49:45.130133+00:00,1,0,12189,15360
2026-09-27T06:49:46.167541+00:00,0,0,12455,15360
2026-09-27T06:49:46.167541+00:00,1,0,12189,15360
2026-09-27T06:49:47.207171+00:00,0,0,12455,15360
2026-09-27T06:49:47.207171+00:00,1,0,12189,15360
2026-09-27T06:49:48.260106+00:00,0,100,12455,15360
2026-09-27T06:49:48.260106+00:00,1,98,12189,15360
2026-09-27T06:49:49.325801+00:00,0,100,12455,15360
2026-09-27T06:49:49.325801+00:00,1,99,12189,15360
2026-09-27T06:49:50.376804+00:00,0,100,12455,15360
2026-09-27T06:49:50.376804+00:00,1,100,12189,15360
2026-09-27T06:49:51.428779+00:00,0,100,12455,15360
2026-09-27T06:49:51.428779+00:00,1,100,12189,15360
2026-09-27T06:49:52.490235+00:00,0,100,12455,15360
2026-09-27T06:49:52.490235+00:00,1,100,12189,15360
2026-09-27T06:49:53.544866+00:00,0,100,12455,15360
2026-09-27T06:49:53.544866+00:00,1,100,12189,15360
2026-09-27T06:49:54.593686+00:00,0,100,12455,15360
2026-09-27T06:49:54.593686+00:00,1,100,12189,15360
2026-09-27T06:49:55.642480+00:00,0,100,12455,15360
2026-09-27T06:49:55.642480+00:00,1,100,12189,15360
2026-09-27T06:49:56.698562+00:00,0,100,12455,15360
2026-09-27T06:49:56.698562+00:00,1,100,12189,15360
2026-09-27T06:49:57.752800+00:00,0,100,12455,15360
2026-09-27T06:49:57.752800+00:00,1,100,12189,15360
2026-09-27T06:49:58.803037+00:00,0,100,12455,15360
2026-09-27T06:49:58.803037+00:00,1,100,12189,15360
2026-09-27T06:49:59.858014+00:00,0,100,12455,15360
2026-09-27T06:49:59.858014+00:00,1,100,12189,15360
2026-09-27T06:50:00.908790+00:00,0,100,12455,15360
2026-09-27T06:50:00.908790+00:00,1,100,12189,15360
2026-09-27T06:50:01.963814+00:00,0,100,12455,15360
2026-09-27T06:50:01.963814+00:00,1,100,12189,15360
2026-09-27T06:50:03.012660+00:00,0,100,12455,15360
2026-09-27T06:50:03.012660+00:00,1,100,12189,15360
2026-09-27T06:50:04.067543+00:00,0,100,12455,15360
2026-09-27T06:50:04.067543+00:00,1,100,12189,15360
2026-09-27T06:50:05.119193+00:00,0,100,12455,15360
2026-09-27T06:50:05.119193+00:00,1,100,12189,15360
2026-09-27T06:50:06.172230+00:00,0,100,12455,15360
2026-09-27T06:50:06.172230+00:00,1,100,12189,15360
2026-09-27T06:50:07.220429+00:00,0,100,12455,15360
2026-09-27T06:50:07.220429+00:00,1,100,12189,15360
2026-09-27T06:50:08.268548+00:00,0,100,12455,15360
2026-09-27T06:50:08.268548+00:00,1,100,12189,15360
2026-09-27T06:50:09.319411+00:00,0,100,12455,15360
2026-09-27T06:50:09.319411+00:00,1,100,12189,15360
2026-09-27T06:50:10.371808+00:00,0,100,12455,15360
2026-09-27T06:50:10.371808+00:00,1,100,12189,15360
2026-09-27T06:50:11.425810+00:00,0,100,12455,15360
2026-09-27T06:50:11.425810+00:00,1,100,12189,15360
2026-09-27T06:50:12.481021+00:00,0,100,12455,15360
2026-09-27T06:50:12.481021+00:00,1,100,12189,15360
2026-09-27T06:50:13.536830+00:00,0,100,12455,15360
2026-09-27T06:50:13.536830+00:00,1,100,12189,15360
2026-09-27T06:50:14.585891+00:00,0,100,12455,15360
2026-09-27T06:50:14.585891+00:00,1,100,12189,15360
2026-09-27T06:50:15.636207+00:00,0,100,12455,15360
2026-09-27T06:50:15.636207+00:00,1,100,12189,15360
2026-09-27T06:50:16.689289+00:00,0,100,12455,15360
2026-09-27T06:50:16.689289+00:00,1,100,12189,15360
2026-09-27T06:50:17.740378+00:00,0,100,12455,15360
2026-09-27T06:50:17.740378+00:00,1,100,12189,15360
2026-09-27T06:50:18.790813+00:00,0,100,12455,15360
2026-09-27T06:50:18.790813+00:00,1,100,12189,15360
2026-09-27T06:50:19.873626+00:00,0,100,12455,15360
2026-09-27T06:50:19.873626+00:00,1,100,12189,15360
2026-09-27T06:50:20.925799+00:00,0,100,12455,15360
2026-09-27T06:50:20.925799+00:00,1,100,12189,15360
2026-09-27T06:50:21.984840+00:00,0,100,12455,15360
2026-09-27T06:50:21.984840+00:00,1,100,12189,15360
2026-09-27T06:50:23.038663+00:00,0,100,12455,15360
2026-09-27T06:50:23.038663+00:00,1,100,12189,15360
2026-09-27T06:50:24.092147+00:00,0,100,12455,15360
2026-09-27T06:50:24.092147+00:00,1,100,12189,15360
2026-09-27T06:50:25.146928+00:00,0,100,12455,15360
2026-09-27T06:50:25.146928+00:00,1,100,12189,15360
2026-09-27T06:50:26.198819+00:00,0,100,12455,15360
2026-09-27T06:50:26.198819+00:00,1,100,12189,15360
2026-09-27T06:50:27.251932+00:00,0,100,12455,15360
2026-09-27T06:50:27.251932+00:00,1,100,12189,15360
2026-09-27T06:50:28.307000+00:00,0,100,12455,15360
2026-09-27T06:50:28.307000+00:00,1,100,12189,15360
2026-09-27T06:50:29.358786+00:00,0,100,12455,15360
2026-09-27T06:50:29.358786+00:00,1,100,12189,15360
2026-09-27T06:50:30.408218+00:00,0,100,12455,15360
2026-09-27T06:50:30.408218+00:00,1,100,12189,15360
2026-09-27T06:50:31.459117+00:00,0,100,12455,15360
2026-09-27T06:50:31.459117+00:00,1,100,12189,15360
2026-09-27T06:50:32.510796+00:00,0,100,12455,15360
2026-09-27T06:50:32.510796+00:00,1,100,12189,15360
2026-09-27T06:50:33.567070+00:00,0,100,12455,15360
2026-09-27T06:50:33.567070+00:00,1,100,12189,15360
2026-09-27T06:50:34.613171+00:00,0,100,12455,15360
2026-09-27T06:50:34.613171+00:00,1,100,12189,15360
2026-09-27T06:50:35.662909+00:00,0,100,12455,15360
2026-09-27T06:50:35.662909+00:00,1,100,12189,15360
2026-09-27T06:50:36.711901+00:00,0,100,12455,15360
2026-09-27T06:50:36.711901+00:00,1,100,12189,15360
2026-09-27T06:50:37.763103+00:00,0,100,12455,15360
2026-09-27T06:50:37.763103+00:00,1,100,12189,15360
2026-09-27T06:50:38.814701+00:00,0,100,12455,15360
2026-09-27T06:50:38.814701+00:00,1,100,12189,15360
2026-09-27T06:50:39.888845+00:00,0,100,12455,15360
2026-09-27T06:50:39.888845+00:00,1,100,12189,15360
2026-09-27T06:50:40.942793+00:00,0,100,12455,15360
2026-09-27T06:50:40.942793+00:00,1,100,12189,15360
2026-09-27T06:50:41.997766+00:00,0,100,12455,15360
2026-09-27T06:50:41.997766+00:00,1,100,12189,15360
2026-09-27T06:50:43.055857+00:00,0,100,12455,15360
2026-09-27T06:50:43.055857+00:00,1,100,12189,15360
2026-09-27T06:50:44.108157+00:00,0,100,12455,15360
2026-09-27T06:50:44.108157+00:00,1,100,12189,15360
2026-09-27T06:50:45.164816+00:00,0,100,12455,15360
2026-09-27T06:50:45.164816+00:00,1,100,12189,15360
2026-09-27T06:50:46.218614+00:00,0,100,12455,15360
2026-09-27T06:50:46.218614+00:00,1,100,12189,15360
2026-09-27T06:50:47.269528+00:00,0,100,12455,15360
2026-09-27T06:50:47.269528+00:00,1,100,12189,15360
2026-09-27T06:50:48.324813+00:00,0,100,12455,15360
2026-09-27T06:50:48.324813+00:00,1,100,12189,15360
2026-09-27T06:50:49.375892+00:00,0,100,12455,15360
2026-09-27T06:50:49.375892+00:00,1,100,12189,15360
2026-09-27T06:50:50.435638+00:00,0,100,12455,15360
2026-09-27T06:50:50.435638+00:00,1,100,12189,15360
2026-09-27T06:50:51.486821+00:00,0,100,12455,15360
2026-09-27T06:50:51.486821+00:00,1,100,12189,15360
2026-09-27T06:50:52.544079+00:00,0,100,12455,15360
2026-09-27T06:50:52.544079+00:00,1,100,12189,15360
2026-09-27T06:50:53.595853+00:00,0,100,12455,15360
2026-09-27T06:50:53.595853+00:00,1,100,12189,15360
2026-09-27T06:50:54.646386+00:00,0,100,12455,15360
2026-09-27T06:50:54.646386+00:00,1,100,12189,15360
2026-09-27T06:50:55.695942+00:00,0,100,12455,15360
2026-09-27T06:50:55.695942+00:00,1,100,12189,15360
2026-09-27T06:50:56.749063+00:00,0,100,12455,15360
2026-09-27T06:50:56.749063+00:00,1,100,12189,15360
2026-09-27T06:50:57.800416+00:00,0,100,12455,15360
2026-09-27T06:50:57.800416+00:00,1,100,12189,15360
2026-09-27T06:50:58.855070+00:00,0,100,12455,15360
2026-09-27T06:50:58.855070+00:00,1,100,12189,15360
2026-09-27T06:50:59.914623+00:00,0,100,12455,15360
2026-09-27T06:50:59.914623+00:00,1,100,12189,15360
2026-09-27T06:51:00.964826+00:00,0,100,12455,15360
2026-09-27T06:51:00.964826+00:00,1,100,12189,15360
2026-09-27T06:51:02.014631+00:00,0,100,12455,15360
2026-09-27T06:51:02.014631+00:00,1,100,12189,15360
2026-09-27T06:51:03.066300+00:00,0,100,12455,15360
2026-09-27T06:51:03.066300+00:00,1,100,12189,15360
2026-09-27T06:51:04.113887+00:00,0,100,12455,15360
2026-09-27T06:51:04.113887+00:00,1,100,12189,15360
2026-09-27T06:51:05.162969+00:00,0,100,12455,15360
2026-09-27T06:51:05.162969+00:00,1,100,12189,15360
2026-09-27T06:51:06.213550+00:00,0,100,12455,15360
2026-09-27T06:51:06.213550+00:00,1,100,12189,15360
2026-09-27T06:51:07.261155+00:00,0,100,12455,15360
2026-09-27T06:51:07.261155+00:00,1,100,12189,15360
2026-09-27T06:51:08.310385+00:00,0,100,12455,15360
2026-09-27T06:51:08.310385+00:00,1,100,12189,15360
2026-09-27T06:51:09.362939+00:00,0,100,12455,15360
2026-09-27T06:51:09.362939+00:00,1,100,12189,15360
2026-09-27T06:51:10.415437+00:00,0,100,12455,15360
2026-09-27T06:51:10.415437+00:00,1,100,12189,15360
2026-09-27T06:51:11.466836+00:00,0,100,12455,15360
2026-09-27T06:51:11.466836+00:00,1,100,12189,15360
2026-09-27T06:51:12.517390+00:00,0,100,12455,15360
2026-09-27T06:51:12.517390+00:00,1,100,12189,15360
2026-09-27T06:51:13.573920+00:00,0,100,12455,15360
2026-09-27T06:51:13.573920+00:00,1,100,12189,15360
2026-09-27T06:51:14.622768+00:00,0,100,12455,15360
2026-09-27T06:51:14.622768+00:00,1,100,12189,15360
2026-09-27T06:51:15.677057+00:00,0,100,12455,15360
2026-09-27T06:51:15.677057+00:00,1,100,12189,15360
2026-09-27T06:51:16.727176+00:00,0,100,12455,15360
2026-09-27T06:51:16.727176+00:00,1,100,12189,15360
2026-09-27T06:51:17.778884+00:00,0,100,12455,15360
2026-09-27T06:51:17.778884+00:00,1,100,12189,15360
2026-09-27T06:51:18.835794+00:00,0,100,12455,15360
2026-09-27T06:51:18.835794+00:00,1,100,12189,15360
2026-09-27T06:51:19.893574+00:00,0,100,12455,15360
2026-09-27T06:51:19.893574+00:00,1,100,12189,15360
2026-09-27T06:51:20.946220+00:00,0,100,12455,15360
2026-09-27T06:51:20.946220+00:00,1,100,12189,15360
2026-09-27T06:51:22.004911+00:00,0,100,12455,15360
2026-09-27T06:51:22.004911+00:00,1,100,12189,15360
2026-09-27T06:51:23.058101+00:00,0,100,12455,15360
2026-09-27T06:51:23.058101+00:00,1,100,12189,15360
2026-09-27T06:51:24.114511+00:00,0,100,12455,15360
2026-09-27T06:51:24.114511+00:00,1,100,12189,15360
2026-09-27T06:51:25.172762+00:00,0,100,12455,15360
2026-09-27T06:51:25.172762+00:00,1,100,12189,15360
2026-09-27T06:51:26.217852+00:00,0,59,12455,15360
2026-09-27T06:51:26.217852+00:00,1,35,12189,15360
