timestamp,gpu_index,utilization_pct,memory_used_mib,memory_total_mib
2026-09-27T04:32:24.135859+00:00,0,0,12679,15360
2026-09-27T04:32:24.135859+00:00,1,0,0,15360
2026-09-27T04:32:25.176782+00:00,0,0,12679,15360
2026-09-27T04:32:25.176782+00:00,1,0,0,15360
2026-09-27T04:32:26.217821+00:00,0,0,12679,15360
2026-09-27T04:32:26.217821+00:00,1,0,0,15360
2026-09-27T04:32:27.258170+00:00,0,0,12679,15360
2026-09-27T04:32:27.258170+00:00,1,0,0,15360
2026-09-27T04:32:28.299229+00:00,0,0,12679,15360
2026-09-27T04:32:28.299229+00:00,1,0,0,15360
2026-09-27T04:32:29.338987+00:00,0,0,12679,15360
2026-09-27T04:32:29.338987+00:00,1,0,0,15360
2026-09-27T04:32:30.379469+00:00,0,0,12679,15360
2026-09-27T04:32:30.379469+00:00,1,0,0,15360
2026-09-27T04:32:31.420456+00:00,0,0,12679,15360
2026-09-27T04:32:31.420456+00:00,1,0,0,15360
2026-09-27T04:32:32.460780+00:00,0,0,12679,15360
2026-09-27T04:32:32.460780+00:00,1,0,0,15360
2026-09-27T04:32:33.501337+00:00,0,0,12679,15360
2026-09-27T04:32:33.501337+00:00,1,0,0,15360
2026-09-27T04:32:34.541739+00:00,0,0,12679,15360
2026-09-27T04:32:34.541739+00:00,1,0,0,15360
2026-09-27T04:32:35.583134+00:00,0,0,12679,15360
2026-09-27T04:32:35.583134+00:00,1,0,0,15360
2026-09-27T04:32:36.624242+00:00,0,0,12679,15360
2026-09-27T04:32:36.624242+00:00,1,0,0,15360
2026-09-27T04:32:37.664883+00:00,0,0,12679,15360
2026-09-27T04:32:37.664883+00:00,1,0,0,15360
2026-09-27T04:32:38.706147+00:00,0,0,12679,15360
2026-09-27T04:32:38.706147+00:00,1,0,0,15360
2026-09-27T04:32:39.746826+00:00,0,0,12679,15360
2026-09-27T04:32:39.746826+00:00,1,0,0,15360
2026-09-27T04:32:40.790178+00:00,0,0,12679,15360
2026-09-27T04:32:40.790178+00:00,1,0,0,15360
2026-09-27T04:32:41.831163+00:00,0,0,12679,15360
2026-09-27T04:32:41.831163+00:00,1,0,0,15360
2026-09-27T04:32:42.871566+00:00,0,0,12679,15360
2026-09-27T04:32:42.871566+00:00,1,0,0,15360
2026-09-27T04:32:43.911484+00:00,0,0,12679,15360
2026-09-27T04:32:43.911484+00:00,1,0,0,15360
2026-09-27T04:32:44.950995+00:00,0,0,12679,15360
2026-09-27T04:32:44.950995+00:00,1,0,0,15360
2026-09-27T04:32:45.990435+00:00,0,0,12679,15360
2026-09-27T04:32:45.990435+00:00,1,0,0,15360
2026-09-27T04:32:47.030763+00:00,0,0,12679,15360
2026-09-27T04:32:47.030763+00:00,1,0,0,15360
2026-09-27T04:32:48.070557+00:00,0,0,12679,15360
2026-09-27T04:32:48.070557+00:00,1,0,0,15360
2026-09-27T04:32:49.111790+00:00,0,0,12679,15360
2026-09-27T04:32:49.111790+00:00,1,0,0,15360
2026-09-27T04:32:50.152795+00:00,0,0,12679,15360
2026-09-27T04:32:50.152795+00:00,1,0,0,15360
2026-09-27T04:32:51.193000+00:00,0,0,12679,15360
2026-09-27T04:32:51.193000+00:00,1,0,0,15360
2026-09-27T04:32:52.233528+00:00,0,0,12679,15360
2026-09-27T04:32:52.233528+00:00,1,0,0,15360
2026-09-27T04:32:53.275114+00:00,0,0,12679,15360
2026-09-27T04:32:53.275114+00:00,1,0,0,15360
2026-09-27T04:32:54.314387+00:00,0,0,12695,15360
2026-09-27T04:32:54.314387+00:00,1,0,0,15360
2026-09-27T04:32:55.355430+00:00,0,0,12695,15360
2026-09-27T04:32:55.355430+00:00,1,0,0,15360
2026-09-27T04:32:56.394654+00:00,0,0,12695,15360
2026-09-27T04:32:56.394654+00:00,1,0,0,15360
2026-09-27T04:32:57.435826+00:00,0,0,12695,15360
2026-09-27T04:32:57.435826+00:00,1,0,0,15360
2026-09-27T04:32:58.475359+00:00,0,0,12785,15360
2026-09-27T04:32:58.475359+00:00,1,0,0,15360
2026-09-27T04:32:59.515277+00:00,0,0,12785,15360
2026-09-27T04:32:59.515277+00:00,1,0,0,15360
2026-09-27T04:33:00.558658+00:00,0,0,12785,15360
2026-09-27T04:33:00.558658+00:00,1,0,0,15360
2026-09-27T04:33:01.600748+00:00,0,100,12785,15360
2026-09-27T04:33:01.600748+00:00,1,0,0,15360
2026-09-27T04:33:02.643780+00:00,0,100,12785,15360
2026-09-27T04:33:02.643780+00:00,1,0,0,15360
2026-09-27T04:33:03.686015+00:00,0,100,12785,15360
2026-09-27T04:33:03.686015+00:00,1,0,0,15360
2026-09-27T04:33:04.730887+00:00,0,100,12785,15360
2026-09-27T04:33:04.730887+00:00,1,0,0,15360
2026-09-27T04:33:05.773910+00:00,0,100,12785,15360
2026-09-27T04:33:05.773910+00:00,1,0,0,15360
2026-09-27T04:33:06.817141+00:00,0,100,12785,15360
2026-09-27T04:33:06.817141+00:00,1,0,0,15360
2026-09-27T04:33:07.869993+00:00,0,100,12785,15360
2026-09-27T04:33:07.869993+00:00,1,0,0,15360
2026-09-27T04:33:08.913816+00:00,0,100,12785,15360
2026-09-27T04:33:08.913816+00:00,1,0,0,15360
2026-09-27T04:33:09.956351+00:00,0,100,12785,15360
2026-09-27T04:33:09.956351+00:00,1,0,0,15360
2026-09-27T04:33:11.001157+00:00,0,100,12785,15360
2026-09-27T04:33:11.001157+00:00,1,0,0,15360
2026-09-27T04:33:12.043142+00:00,0,100,12785,15360
2026-09-27T04:33:12.043142+00:00,1,0,0,15360
2026-09-27T04:33:13.084545+00:00,0,100,12785,15360
2026-09-27T04:33:13.084545+00:00,1,0,0,15360
2026-09-27T04:33:14.126736+00:00,0,100,12785,15360
2026-09-27T04:33:14.126736+00:00,1,0,0,15360
2026-09-27T04:33:15.170242+00:00,0,100,12785,15360
2026-09-27T04:33:15.170242+00:00,1,0,0,15360
2026-09-27T04:33:16.213004+00:00,0,100,12785,15360
2026-09-27T04:33:16.213004+00:00,1,0,0,15360
2026-09-27T04:33:17.255073+00:00,0,100,12785,15360
2026-09-27T04:33:17.255073+00:00,1,0,0,15360
2026-09-27T04:33:18.296675+00:00,0,100,12785,15360
2026-09-27T04:33:18.296675+00:00,1,0,0,15360
2026-09-27T04:33:19.339753+00:00,0,100,12785,15360
2026-09-27T04:33:19.339753+00:00,1,0,0,15360
2026-09-27T04:33:20.383834+00:00,0,100,12785,15360
2026-09-27T04:33:20.383834+00:00,1,0,0,15360
2026-09-27T04:33:21.425180+00:00,0,100,12785,15360
2026-09-27T04:33:21.425180+00:00,1,0,0,15360
2026-09-27T04:33:22.467150+00:00,0,100,12785,15360
2026-09-27T04:33:22.467150+00:00,1,0,0,15360
2026-09-27T04:33:23.510915+00:00,0,100,12785,15360
2026-09-27T04:33:23.510915+00:00,1,0,0,15360
2026-09-27T04:33:24.553106+00:00,0,100,12785,15360
2026-09-27T04:33:24.553106+00:00,1,0,0,15360
2026-09-27T04:33:25.595023+00:00,0,100,12785,15360
2026-09-27T04:33:25.595023+00:00,1,0,0,15360
2026-09-27T04:33:26.635165+00:00,0,100,12785,15360
2026-09-27T04:33:26.635165+00:00,1,0,0,15360
2026-09-27T04:33:27.679362+00:00,0,100,12785,15360
2026-09-27T04:33:27.679362+00:00,1,0,0,15360
2026-09-27T04:33:28.720146+00:00,0,100,12785,15360
2026-09-27T04:33:28.720146+00:00,1,0,0,15360
2026-09-27T04:33:29.764021+00:00,0,100,12785,15360
2026-09-27T04:33:29.764021+00:00,1,0,0,15360
2026-09-27T04:33:30.807842+00:00,0,100,12785,15360
2026-09-27T04:33:30.807842+00:00,1,0,0,15360
2026-09-27T04:33:31.848648+00:00,0,100,12785,15360
2026-09-27T04:33:31.848648+00:00,1,0,0,15360
2026-09-27T04:33:32.888295+00:00,0,100,12785,15360
2026-09-27T04:33:32.888295+00:00,1,0,0,15360
2026-09-27T04:33:33.932779+00:00,0,100,12785,15360
2026-09-27T04:33:33.932779+00:00,1,0,0,15360
2026-09-27T04:33:34.975857+00:00,0,100,12785,15360
2026-09-27T04:33:34.975857+00:00,1,0,0,15360
2026-09-27T04:33:36.015926+00:00,0,100,12785,15360
2026-09-27T04:33:36.015926+00:00,1,0,0,15360
2026-09-27T04:33:37.059223+00:00,0,100,12785,15360
2026-09-27T04:33:37.059223+00:00,1,0,0,15360
2026-09-27T04:33:38.101530+00:00,0,100,12785,15360
2026-09-27T04:33:38.101530+00:00,1,0,0,15360
2026-09-27T04:33:39.146161+00:00,0,100,12785,15360
2026-09-27T04:33:39.146161+00:00,1,0,0,15360
2026-09-27T04:33:40.189072+00:00,0,100,12785,15360
2026-09-27T04:33:40.189072+00:00,1,0,0,15360
2026-09-27T04:33:41.230285+00:00,0,100,12785,15360
2026-09-27T04:33:41.230285+00:00,1,0,0,15360
2026-09-27T04:33:42.274652+00:00,0,100,12785,15360
2026-09-27T04:33:42.274652+00:00,1,0,0,15360
2026-09-27T04:33:43.317840+00:00,0,100,12785,15360
2026-09-27T04:33:43.317840+00:00,1,0,0,15360
2026-09-27T04:33:44.358334+00:00,0,100,12785,15360
2026-09-27T04:33:44.358334+00:00,1,0,0,15360
2026-09-27T04:33:45.400945+00:00,0,100,12785,15360
2026-09-27T04:33:45.400945+00:00,1,0,0,15360
2026-09-27T04:33:46.441824+00:00,0,100,12785,15360
2026-09-27T04:33:46.441824+00:00,1,0,0,15360
2026-09-27T04:33:47.484564+00:00,0,100,12785,15360
2026-09-27T04:33:47.484564+00:00,1,0,0,15360
2026-09-27T04:33:48.528397+00:00,0,100,12785,15360
2026-09-27T04:33:48.528397+00:00,1,0,0,15360
2026-09-27T04:33:49.568792+00:00,0,100,12785,15360
2026-09-27T04:33:49.568792+00:00,1,0,0,15360
2026-09-27T04:33:50.610045+00:00,0,100,12785,15360
2026-09-27T04:33:50.610045+00:00,1,0,0,15360
2026-09-27T04:33:51.652202+00:00,0,100,12785,15360
2026-09-27T04:33:51.652202+00:00,1,0,0,15360
2026-09-27T04:33:52.693818+00:00,0,100,12785,15360
2026-09-27T04:33:52.693818+00:00,1,0,0,15360
2026-09-27T04:33:53.735785+00:00,0,100,12785,15360
2026-09-27T04:33:53.735785+00:00,1,0,0,15360
2026-09-27T04:33:54.776938+00:00,0,100,12785,15360
2026-09-27T04:33:54.776938+00:00,1,0,0,15360
2026-09-27T04:33:55.816611+00:00,0,100,12785,15360
2026-09-27T04:33:55.816611+00:00,1,0,0,15360
2026-09-27T04:33:56.858843+00:00,0,100,12785,15360
2026-09-27T04:33:56.858843+00:00,1,0,0,15360
2026-09-27T04:33:57.902973+00:00,0,100,12785,15360
2026-09-27T04:33:57.902973+00:00,1,0,0,15360
2026-09-27T04:33:58.946261+00:00,0,100,12785,15360
2026-09-27T04:33:58.946261+00:00,1,0,0,15360
2026-09-27T04:33:59.987829+00:00,0,100,12785,15360
2026-09-27T04:33:59.987829+00:00,1,0,0,15360
2026-09-27T04:34:01.029471+00:00,0,100,12785,15360
2026-09-27T04:34:01.029471+00:00,1,0,0,15360
2026-09-27T04:34:02.075479+00:00,0,100,12785,15360
2026-09-27T04:34:02.075479+00:00,1,0,0,15360
2026-09-27T04:34:03.116588+00:00,0,100,12785,15360
2026-09-27T04:34:03.116588+00:00,1,0,0,15360
2026-09-27T04:34:04.160682+00:00,0,100,12785,15360
2026-09-27T04:34:04.160682+00:00,1,0,0,15360
2026-09-27T04:34:05.201645+00:00,0,100,12785,15360
2026-09-27T04:34:05.201645+00:00,1,0,0,15360
2026-09-27T04:34:06.242831+00:00,0,100,12785,15360
2026-09-27T04:34:06.242831+00:00,1,0,0,15360
2026-09-27T04:34:07.283983+00:00,0,100,12785,15360
2026-09-27T04:34:07.283983+00:00,1,0,0,15360
2026-09-27T04:34:08.327191+00:00,0,100,12785,15360
2026-09-27T04:34:08.327191+00:00,1,0,0,15360
2026-09-27T04:34:09.370900+00:00,0,100,12785,15360
2026-09-27T04:34:09.370900+00:00,1,0,0,15360
2026-09-27T04:34:10.412488+00:00,0,100,12785,15360
2026-09-27T04:34:10.412488+00:00,1,0,0,15360
2026-09-27T04:34:11.454535+00:00,0,100,12785,15360
2026-09-27T04:34:11.454535+00:00,1,0,0,15360
2026-09-27T04:34:12.500562+00:00,0,100,12785,15360
2026-09-27T04:34:12.500562+00:00,1,0,0,15360
2026-09-27T04:34:13.542042+00:00,0,100,12785,15360
2026-09-27T04:34:13.542042+00:00,1,0,0,15360
2026-09-27T04:34:14.586206+00:00,0,100,12785,15360
2026-09-27T04:34:14.586206+00:00,1,0,0,15360
2026-09-27T04:34:15.630418+00:00,0,100,12785,15360
2026-09-27T04:34:15.630418+00:00,1,0,0,15360
2026-09-27T04:34:16.672671+00:00,0,100,12785,15360
2026-09-27T04:34:16.672671+00:00,1,0,0,15360
2026-09-27T04:34:17.715151+00:00,0,100,12785,15360
2026-09-27T04:34:17.715151+00:00,1,0,0,15360
2026-09-27T04:34:18.756825+00:00,0,100,12785,15360
2026-09-27T04:34:18.756825+00:00,1,0,0,15360
2026-09-27T04:34:19.805116+00:00,0,100,12785,15360
2026-09-27T04:34:19.805116+00:00,1,0,0,15360
2026-09-27T04:34:20.846574+00:00,0,100,12785,15360
2026-09-27T04:34:20.846574+00:00,1,0,0,15360
2026-09-27T04:34:21.887961+00:00,0,100,12785,15360
2026-09-27T04:34:21.887961+00:00,1,0,0,15360
2026-09-27T04:34:22.930677+00:00,0,100,12785,15360
2026-09-27T04:34:22.930677+00:00,1,0,0,15360
2026-09-27T04:34:23.973064+00:00,0,100,12785,15360
2026-09-27T04:34:23.973064+00:00,1,0,0,15360
2026-09-27T04:34:25.015001+00:00,0,100,12785,15360
2026-09-27T04:34:25.015001+00:00,1,0,0,15360
2026-09-27T04:34:26.054863+00:00,0,100,12785,15360
2026-09-27T04:34:26.054863+00:00,1,0,0,15360
2026-09-27T04:34:27.096438+00:00,0,100,12785,15360
2026-09-27T04:34:27.096438+00:00,1,0,0,15360
2026-09-27T04:34:28.139428+00:00,0,100,12785,15360
2026-09-27T04:34:28.139428+00:00,1,0,0,15360
2026-09-27T04:34:29.181907+00:00,0,100,12785,15360
2026-09-27T04:34:29.181907+00:00,1,0,0,15360
2026-09-27T04:34:30.223858+00:00,0,100,12785,15360
2026-09-27T04:34:30.223858+00:00,1,0,0,15360
2026-09-27T04:34:31.267419+00:00,0,100,12785,15360
2026-09-27T04:34:31.267419+00:00,1,0,0,15360
2026-09-27T04:34:32.311631+00:00,0,100,12785,15360
2026-09-27T04:34:32.311631+00:00,1,0,0,15360
2026-09-27T04:34:33.354663+00:00,0,100,12785,15360
2026-09-27T04:34:33.354663+00:00,1,0,0,15360
2026-09-27T04:34:34.398527+00:00,0,100,12785,15360
2026-09-27T04:34:34.398527+00:00,1,0,0,15360
2026-09-27T04:34:35.444264+00:00,0,100,12785,15360
2026-09-27T04:34:35.444264+00:00,1,0,0,15360
2026-09-27T04:34:36.487291+00:00,0,100,12785,15360
2026-09-27T04:34:36.487291+00:00,1,0,0,15360
2026-09-27T04:34:37.530156+00:00,0,100,12785,15360
2026-09-27T04:34:37.530156+00:00,1,0,0,15360
2026-09-27T04:34:38.573791+00:00,0,100,12785,15360
2026-09-27T04:34:38.573791+00:00,1,0,0,15360
2026-09-27T04:34:39.617145+00:00,0,100,12785,15360
2026-09-27T04:34:39.617145+00:00,1,0,0,15360
2026-09-27T04:34:40.659550+00:00,0,100,12785,15360
2026-09-27T04:34:40.659550+00:00,1,0,0,15360
2026-09-27T04:34:41.702181+00:00,0,100,12785,15360
2026-09-27T04:34:41.702181+00:00,1,0,0,15360
2026-09-27T04:34:42.745151+00:00,0,100,12785,15360
2026-09-27T04:34:42.745151+00:00,1,0,0,15360
2026-09-27T04:34:43.788805+00:00,0,100,12785,15360
2026-09-27T04:34:43.788805+00:00,1,0,0,15360
2026-09-27T04:34:44.831114+00:00,0,100,12785,15360
2026-09-27T04:34:44.831114+00:00,1,0,0,15360
2026-09-27T04:34:45.873733+00:00,0,100,12785,15360
2026-09-27T04:34:45.873733+00:00,1,0,0,15360
2026-09-27T04:34:46.914072+00:00,0,0,12785,15360
2026-09-27T04:34:46.914072+00:00,1,0,0,15360
2026-09-27T04:34:47.953034+00:00,0,0,12785,15360
2026-09-27T04:34:47.953034+00:00,1,0,0,15360
2026-09-27T04:34:48.993586+00:00,0,0,12785,15360
2026-09-27T04:34:48.993586+00:00,1,0,0,15360
2026-09-27T04:34:50.035052+00:00,0,0,12785,15360
2026-09-27T04:34:50.035052+00:00,1,0,0,15360
2026-09-27T04:34:51.075933+00:00,0,0,12785,15360
2026-09-27T04:34:51.075933+00:00,1,0,0,15360
2026-09-27T04:34:52.115615+00:00,0,0,12785,15360
2026-09-27T04:34:52.115615+00:00,1,0,0,15360
2026-09-27T04:34:53.156023+00:00,0,0,12785,15360
2026-09-27T04:34:53.156023+00:00,1,0,0,15360
2026-09-27T04:34:54.195523+00:00,0,0,12785,15360
2026-09-27T04:34:54.195523+00:00,1,0,0,15360
2026-09-27T04:34:55.235556+00:00,0,0,12785,15360
2026-09-27T04:34:55.235556+00:00,1,0,0,15360
2026-09-27T04:34:56.275921+00:00,0,0,12785,15360
2026-09-27T04:34:56.275921+00:00,1,0,0,15360
2026-09-27T04:34:57.317285+00:00,0,0,12785,15360
2026-09-27T04:34:57.317285+00:00,1,0,0,15360
2026-09-27T04:34:58.357193+00:00,0,0,12785,15360
2026-09-27T04:34:58.357193+00:00,1,0,0,15360
2026-09-27T04:34:59.397553+00:00,0,0,12785,15360
2026-09-27T04:34:59.397553+00:00,1,0,0,15360
2026-09-27T04:35:00.438163+00:00,0,0,12785,15360
2026-09-27T04:35:00.438163+00:00,1,0,0,15360
2026-09-27T04:35:01.510564+00:00,0,0,12785,15360
2026-09-27T04:35:01.510564+00:00,1,0,0,15360
2026-09-27T04:35:02.550264+00:00,0,0,12785,15360
2026-09-27T04:35:02.550264+00:00,1,0,0,15360
2026-09-27T04:35:03.589481+00:00,0,0,12785,15360
2026-09-27T04:35:03.589481+00:00,1,0,0,15360
2026-09-27T04:35:04.629086+00:00,0,0,12785,15360
2026-09-27T04:35:04.629086+00:00,1,0,0,15360
2026-09-27T04:35:05.668618+00:00,0,0,12785,15360
2026-09-27T04:35:05.668618+00:00,1,0,0,15360
2026-09-27T04:35:06.708832+00:00,0,0,12785,15360
2026-09-27T04:35:06.708832+00:00,1,0,0,15360
2026-09-27T04:35:07.748925+00:00,0,0,12785,15360
2026-09-27T04:35:07.748925+00:00,1,0,0,15360
2026-09-27T04:35:08.788775+00:00,0,0,12785,15360
2026-09-27T04:35:08.788775+00:00,1,0,0,15360
2026-09-27T04:35:09.838536+00:00,0,0,12785,15360
2026-09-27T04:35:09.838536+00:00,1,0,0,15360
2026-09-27T04:35:10.878775+00:00,0,0,12785,15360
2026-09-27T04:35:10.878775+00:00,1,0,0,15360
2026-09-27T04:35:11.919127+00:00,0,0,12785,15360
2026-09-27T04:35:11.919127+00:00,1,0,0,15360
2026-09-27T04:35:12.962466+00:00,0,2,12785,15360
2026-09-27T04:35:12.962466+00:00,1,0,0,15360
2026-09-27T04:35:14.007967+00:00,0,100,12785,15360
2026-09-27T04:35:14.007967+00:00,1,0,0,15360
2026-09-27T04:35:15.049799+00:00,0,100,12785,15360
2026-09-27T04:35:15.049799+00:00,1,0,0,15360
2026-09-27T04:35:16.091605+00:00,0,100,12785,15360
2026-09-27T04:35:16.091605+00:00,1,0,0,15360
2026-09-27T04:35:17.135977+00:00,0,100,12785,15360
2026-09-27T04:35:17.135977+00:00,1,0,0,15360
2026-09-27T04:35:18.178064+00:00,0,100,12785,15360
2026-09-27T04:35:18.178064+00:00,1,0,0,15360
2026-09-27T04:35:19.220667+00:00,0,100,12785,15360
2026-09-27T04:35:19.220667+00:00,1,0,0,15360
2026-09-27T04:35:20.265925+00:00,0,100,12785,15360
2026-09-27T04:35:20.265925+00:00,1,0,0,15360
2026-09-27T04:35:21.308829+00:00,0,100,12785,15360
2026-09-27T04:35:21.308829+00:00,1,0,0,15360
2026-09-27T04:35:22.350998+00:00,0,100,12785,15360
2026-09-27T04:35:22.350998+00:00,1,0,0,15360
2026-09-27T04:35:23.393639+00:00,0,100,12785,15360
2026-09-27T04:35:23.393639+00:00,1,0,0,15360
2026-09-27T04:35:24.442316+00:00,0,100,12785,15360
2026-09-27T04:35:24.442316+00:00,1,0,0,15360
2026-09-27T04:35:25.483773+00:00,0,100,12785,15360
2026-09-27T04:35:25.483773+00:00,1,0,0,15360
2026-09-27T04:35:26.525219+00:00,0,100,12785,15360
2026-09-27T04:35:26.525219+00:00,1,0,0,15360
2026-09-27T04:35:27.583683+00:00,0,100,12785,15360
2026-09-27T04:35:27.583683+00:00,1,0,0,15360
2026-09-27T04:35:28.625859+00:00,0,100,12785,15360
2026-09-27T04:35:28.625859+00:00,1,0,0,15360
2026-09-27T04:35:29.669899+00:00,0,100,12785,15360
2026-09-27T04:35:29.669899+00:00,1,0,0,15360
2026-09-27T04:35:30.714234+00:00,0,100,12785,15360
2026-09-27T04:35:30.714234+00:00,1,0,0,15360
2026-09-27T04:35:31.756527+00:00,0,100,12785,15360
2026-09-27T04:35:31.756527+00:00,1,0,0,15360
2026-09-27T04:35:32.797274+00:00,0,100,12785,15360
2026-09-27T04:35:32.797274+00:00,1,0,0,15360
2026-09-27T04:35:33.839249+00:00,0,100,12785,15360
2026-09-27T04:35:33.839249+00:00,1,0,0,15360
2026-09-27T04:35:34.883657+00:00,0,100,12785,15360
2026-09-27T04:35:34.883657+00:00,1,0,0,15360
2026-09-27T04:35:35.926542+00:00,0,100,12785,15360
2026-09-27T04:35:35.926542+00:00,1,0,0,15360
2026-09-27T04:35:36.967914+00:00,0,100,12785,15360
2026-09-27T04:35:36.967914+00:00,1,0,0,15360
2026-09-27T04:35:38.011002+00:00,0,100,12785,15360
2026-09-27T04:35:38.011002+00:00,1,0,0,15360
2026-09-27T04:35:39.052670+00:00,0,100,12785,15360
2026-09-27T04:35:39.052670+00:00,1,0,0,15360
2026-09-27T04:35:40.094134+00:00,0,100,12785,15360
2026-09-27T04:35:40.094134+00:00,1,0,0,15360
2026-09-27T04:35:41.135458+00:00,0,100,12785,15360
2026-09-27T04:35:41.135458+00:00,1,0,0,15360
2026-09-27T04:35:42.179578+00:00,0,100,12785,15360
2026-09-27T04:35:42.179578+00:00,1,0,0,15360
2026-09-27T04:35:43.221661+00:00,0,100,12785,15360
2026-09-27T04:35:43.221661+00:00,1,0,0,15360
2026-09-27T04:35:44.264049+00:00,0,100,12785,15360
2026-09-27T04:35:44.264049+00:00,1,0,0,15360
2026-09-27T04:35:45.306506+00:00,0,100,12785,15360
2026-09-27T04:35:45.306506+00:00,1,0,0,15360
2026-09-27T04:35:46.348679+00:00,0,100,12785,15360
2026-09-27T04:35:46.348679+00:00,1,0,0,15360
2026-09-27T04:35:47.393643+00:00,0,100,12785,15360
2026-09-27T04:35:47.393643+00:00,1,0,0,15360
2026-09-27T04:35:48.438846+00:00,0,100,12785,15360
2026-09-27T04:35:48.438846+00:00,1,0,0,15360
2026-09-27T04:35:49.486042+00:00,0,100,12785,15360
2026-09-27T04:35:49.486042+00:00,1,0,0,15360
2026-09-27T04:35:50.528251+00:00,0,100,12785,15360
2026-09-27T04:35:50.528251+00:00,1,0,0,15360
2026-09-27T04:35:51.572278+00:00,0,100,12785,15360
2026-09-27T04:35:51.572278+00:00,1,0,0,15360
2026-09-27T04:35:52.614354+00:00,0,100,12785,15360
2026-09-27T04:35:52.614354+00:00,1,0,0,15360
2026-09-27T04:35:53.657578+00:00,0,100,12785,15360
2026-09-27T04:35:53.657578+00:00,1,0,0,15360
2026-09-27T04:35:54.701771+00:00,0,100,12785,15360
2026-09-27T04:35:54.701771+00:00,1,0,0,15360
2026-09-27T04:35:55.744024+00:00,0,100,12785,15360
2026-09-27T04:35:55.744024+00:00,1,0,0,15360
2026-09-27T04:35:56.785899+00:00,0,100,12785,15360
2026-09-27T04:35:56.785899+00:00,1,0,0,15360
2026-09-27T04:35:57.829213+00:00,0,100,12785,15360
2026-09-27T04:35:57.829213+00:00,1,0,0,15360
2026-09-27T04:35:58.873732+00:00,0,100,12785,15360
2026-09-27T04:35:58.873732+00:00,1,0,0,15360
2026-09-27T04:35:59.918785+00:00,0,100,12785,15360
2026-09-27T04:35:59.918785+00:00,1,0,0,15360
2026-09-27T04:36:00.958566+00:00,0,100,12785,15360
2026-09-27T04:36:00.958566+00:00,1,0,0,15360
2026-09-27T04:36:02.000551+00:00,0,100,12785,15360
2026-09-27T04:36:02.000551+00:00,1,0,0,15360
2026-09-27T04:36:03.042976+00:00,0,100,12785,15360
2026-09-27T04:36:03.042976+00:00,1,0,0,15360
2026-09-27T04:36:04.085786+00:00,0,100,12785,15360
2026-09-27T04:36:04.085786+00:00,1,0,0,15360
2026-09-27T04:36:05.127632+00:00,0,100,12785,15360
2026-09-27T04:36:05.127632+00:00,1,0,0,15360
2026-09-27T04:36:06.171115+00:00,0,100,12785,15360
2026-09-27T04:36:06.171115+00:00,1,0,0,15360
2026-09-27T04:36:07.215210+00:00,0,100,12785,15360
2026-09-27T04:36:07.215210+00:00,1,0,0,15360
2026-09-27T04:36:08.259858+00:00,0,100,12785,15360
2026-09-27T04:36:08.259858+00:00,1,0,0,15360
2026-09-27T04:36:09.302868+00:00,0,100,12785,15360
2026-09-27T04:36:09.302868+00:00,1,0,0,15360
2026-09-27T04:36:10.345331+00:00,0,100,12785,15360
2026-09-27T04:36:10.345331+00:00,1,0,0,15360
2026-09-27T04:36:11.389067+00:00,0,100,12785,15360
2026-09-27T04:36:11.389067+00:00,1,0,0,15360
2026-09-27T04:36:12.434383+00:00,0,100,12785,15360
2026-09-27T04:36:12.434383+00:00,1,0,0,15360
2026-09-27T04:36:13.475912+00:00,0,100,12785,15360
2026-09-27T04:36:13.475912+00:00,1,0,0,15360
2026-09-27T04:36:14.519196+00:00,0,100,12785,15360
2026-09-27T04:36:14.519196+00:00,1,0,0,15360
2026-09-27T04:36:15.561547+00:00,0,100,12785,15360
2026-09-27T04:36:15.561547+00:00,1,0,0,15360
2026-09-27T04:36:16.606372+00:00,0,100,12785,15360
2026-09-27T04:36:16.606372+00:00,1,0,0,15360
2026-09-27T04:36:17.648909+00:00,0,100,12785,15360
2026-09-27T04:36:17.648909+00:00,1,0,0,15360
2026-09-27T04:36:18.695619+00:00,0,100,12785,15360
2026-09-27T04:36:18.695619+00:00,1,0,0,15360
2026-09-27T04:36:19.738193+00:00,0,100,12785,15360
2026-09-27T04:36:19.738193+00:00,1,0,0,15360
2026-09-27T04:36:20.780466+00:00,0,100,12785,15360
2026-09-27T04:36:20.780466+00:00,1,0,0,15360
2026-09-27T04:36:21.824532+00:00,0,100,12785,15360
2026-09-27T04:36:21.824532+00:00,1,0,0,15360
2026-09-27T04:36:22.869655+00:00,0,100,12785,15360
2026-09-27T04:36:22.869655+00:00,1,0,0,15360
2026-09-27T04:36:23.911100+00:00,0,100,12785,15360
2026-09-27T04:36:23.911100+00:00,1,0,0,15360
2026-09-27T04:36:24.954130+00:00,0,100,12785,15360
2026-09-27T04:36:24.954130+00:00,1,0,0,15360
2026-09-27T04:36:25.996401+00:00,0,100,12785,15360
2026-09-27T04:36:25.996401+00:00,1,0,0,15360
2026-09-27T04:36:27.038596+00:00,0,100,12785,15360
2026-09-27T04:36:27.038596+00:00,1,0,0,15360
2026-09-27T04:36:28.080780+00:00,0,100,12785,15360
2026-09-27T04:36:28.080780+00:00,1,0,0,15360
2026-09-27T04:36:29.125411+00:00,0,100,12785,15360
2026-09-27T04:36:29.125411+00:00,1,0,0,15360
2026-09-27T04:36:30.168941+00:00,0,100,12785,15360
2026-09-27T04:36:30.168941+00:00,1,0,0,15360
2026-09-27T04:36:31.211155+00:00,0,100,12785,15360
2026-09-27T04:36:31.211155+00:00,1,0,0,15360
2026-09-27T04:36:32.254831+00:00,0,100,12785,15360
2026-09-27T04:36:32.254831+00:00,1,0,0,15360
2026-09-27T04:36:33.299406+00:00,0,100,12785,15360
2026-09-27T04:36:33.299406+00:00,1,0,0,15360
2026-09-27T04:36:34.340688+00:00,0,100,12785,15360
2026-09-27T04:36:34.340688+00:00,1,0,0,15360
2026-09-27T04:36:35.382756+00:00,0,100,12785,15360
2026-09-27T04:36:35.382756+00:00,1,0,0,15360
2026-09-27T04:36:36.423543+00:00,0,100,12785,15360
2026-09-27T04:36:36.423543+00:00,1,0,0,15360
2026-09-27T04:36:37.466036+00:00,0,100,12785,15360
2026-09-27T04:36:37.466036+00:00,1,0,0,15360
2026-09-27T04:36:38.507991+00:00,0,100,12785,15360
2026-09-27T04:36:38.507991+00:00,1,0,0,15360
2026-09-27T04:36:39.550375+00:00,0,100,12785,15360
2026-09-27T04:36:39.550375+00:00,1,0,0,15360
2026-09-27T04:36:40.593831+00:00,0,100,12785,15360
2026-09-27T04:36:40.593831+00:00,1,0,0,15360
2026-09-27T04:36:41.637328+00:00,0,100,12785,15360
2026-09-27T04:36:41.637328+00:00,1,0,0,15360
2026-09-27T04:36:42.679279+00:00,0,100,12785,15360
2026-09-27T04:36:42.679279+00:00,1,0,0,15360
2026-09-27T04:36:43.723230+00:00,0,100,12785,15360
2026-09-27T04:36:43.723230+00:00,1,0,0,15360
2026-09-27T04:36:44.767958+00:00,0,100,12785,15360
2026-09-27T04:36:44.767958+00:00,1,0,0,15360
2026-09-27T04:36:45.810966+00:00,0,100,12785,15360
2026-09-27T04:36:45.810966+00:00,1,0,0,15360
2026-09-27T04:36:46.854045+00:00,0,100,12785,15360
2026-09-27T04:36:46.854045+00:00,1,0,0,15360
2026-09-27T04:36:47.898847+00:00,0,100,12785,15360
2026-09-27T04:36:47.898847+00:00,1,0,0,15360
2026-09-27T04:36:48.943800+00:00,0,100,12785,15360
2026-09-27T04:36:48.943800+00:00,1,0,0,15360
2026-09-27T04:36:49.986816+00:00,0,100,12785,15360
2026-09-27T04:36:49.986816+00:00,1,0,0,15360
2026-09-27T04:36:51.031356+00:00,0,100,12785,15360
2026-09-27T04:36:51.031356+00:00,1,0,0,15360
2026-09-27T04:36:52.074879+00:00,0,100,12785,15360
2026-09-27T04:36:52.074879+00:00,1,0,0,15360
2026-09-27T04:36:53.118111+00:00,0,100,12785,15360
2026-09-27T04:36:53.118111+00:00,1,0,0,15360
2026-09-27T04:36:54.162485+00:00,0,100,12785,15360
2026-09-27T04:36:54.162485+00:00,1,0,0,15360
2026-09-27T04:36:55.207853+00:00,0,100,12785,15360
2026-09-27T04:36:55.207853+00:00,1,0,0,15360
2026-09-27T04:36:56.251091+00:00,0,100,12785,15360
2026-09-27T04:36:56.251091+00:00,1,0,0,15360
2026-09-27T04:36:57.296839+00:00,0,100,12785,15360
2026-09-27T04:36:57.296839+00:00,1,0,0,15360
2026-09-27T04:36:58.343669+00:00,0,100,12785,15360
2026-09-27T04:36:58.343669+00:00,1,0,0,15360
2026-09-27T04:36:59.383506+00:00,0,0,12785,15360
2026-09-27T04:36:59.383506+00:00,1,0,0,15360
2026-09-27T04:37:00.423840+00:00,0,0,12785,15360
2026-09-27T04:37:00.423840+00:00,1,0,0,15360
2026-09-27T04:37:01.464734+00:00,0,0,12785,15360
2026-09-27T04:37:01.464734+00:00,1,0,0,15360
2026-09-27T04:37:02.506657+00:00,0,0,12785,15360
2026-09-27T04:37:02.506657+00:00,1,0,0,15360
2026-09-27T04:37:03.547168+00:00,0,0,12785,15360
2026-09-27T04:37:03.547168+00:00,1,0,0,15360
2026-09-27T04:37:04.588316+00:00,0,0,12785,15360
2026-09-27T04:37:04.588316+00:00,1,0,0,15360
2026-09-27T04:37:05.629006+00:00,0,0,12785,15360
2026-09-27T04:37:05.629006+00:00,1,0,0,15360
2026-09-27T04:37:06.669844+00:00,0,0,12785,15360
2026-09-27T04:37:06.669844+00:00,1,0,0,15360
2026-09-27T04:37:07.710409+00:00,0,0,12785,15360
2026-09-27T04:37:07.710409+00:00,1,0,0,15360
2026-09-27T04:37:08.750256+00:00,0,0,12785,15360
2026-09-27T04:37:08.750256+00:00,1,0,0,15360
2026-09-27T04:37:09.799489+00:00,0,0,12785,15360
2026-09-27T04:37:09.799489+00:00,1,0,0,15360
2026-09-27T04:37:10.840743+00:00,0,0,12785,15360
2026-09-27T04:37:10.840743+00:00,1,0,0,15360
2026-09-27T04:37:11.881544+00:00,0,0,12785,15360
2026-09-27T04:37:11.881544+00:00,1,0,0,15360
2026-09-27T04:37:12.922626+00:00,0,0,12785,15360
2026-09-27T04:37:12.922626+00:00,1,0,0,15360
2026-09-27T04:37:13.963258+00:00,0,0,12785,15360
2026-09-27T04:37:13.963258+00:00,1,0,0,15360
2026-09-27T04:37:15.003366+00:00,0,0,12785,15360
2026-09-27T04:37:15.003366+00:00,1,0,0,15360
2026-09-27T04:37:16.045062+00:00,0,0,12785,15360
2026-09-27T04:37:16.045062+00:00,1,0,0,15360
2026-09-27T04:37:17.086183+00:00,0,0,12785,15360
2026-09-27T04:37:17.086183+00:00,1,0,0,15360
2026-09-27T04:37:18.127296+00:00,0,0,12785,15360
2026-09-27T04:37:18.127296+00:00,1,0,0,15360
2026-09-27T04:37:19.168264+00:00,0,0,12785,15360
2026-09-27T04:37:19.168264+00:00,1,0,0,15360
2026-09-27T04:37:20.208447+00:00,0,0,12785,15360
2026-09-27T04:37:20.208447+00:00,1,0,0,15360
2026-09-27T04:37:21.248947+00:00,0,0,12785,15360
2026-09-27T04:37:21.248947+00:00,1,0,0,15360
2026-09-27T04:37:22.289191+00:00,0,0,12785,15360
2026-09-27T04:37:22.289191+00:00,1,0,0,15360
2026-09-27T04:37:23.328925+00:00,0,0,12785,15360
2026-09-27T04:37:23.328925+00:00,1,0,0,15360
2026-09-27T04:37:24.369011+00:00,0,0,12785,15360
2026-09-27T04:37:24.369011+00:00,1,0,0,15360
2026-09-27T04:37:25.409022+00:00,0,0,12785,15360
2026-09-27T04:37:25.409022+00:00,1,0,0,15360
2026-09-27T04:37:26.453966+00:00,0,100,12785,15360
2026-09-27T04:37:26.453966+00:00,1,0,0,15360
2026-09-27T04:37:27.498065+00:00,0,100,12785,15360
2026-09-27T04:37:27.498065+00:00,1,0,0,15360
2026-09-27T04:37:28.543184+00:00,0,100,12785,15360
2026-09-27T04:37:28.543184+00:00,1,0,0,15360
2026-09-27T04:37:29.585633+00:00,0,100,12785,15360
2026-09-27T04:37:29.585633+00:00,1,0,0,15360
2026-09-27T04:37:30.627557+00:00,0,100,12785,15360
2026-09-27T04:37:30.627557+00:00,1,0,0,15360
2026-09-27T04:37:31.670263+00:00,0,100,12785,15360
2026-09-27T04:37:31.670263+00:00,1,0,0,15360
2026-09-27T04:37:32.714603+00:00,0,100,12785,15360
2026-09-27T04:37:32.714603+00:00,1,0,0,15360
2026-09-27T04:37:33.758563+00:00,0,100,12785,15360
2026-09-27T04:37:33.758563+00:00,1,0,0,15360
2026-09-27T04:37:34.802659+00:00,0,100,12785,15360
2026-09-27T04:37:34.802659+00:00,1,0,0,15360
2026-09-27T04:37:35.846518+00:00,0,100,12785,15360
2026-09-27T04:37:35.846518+00:00,1,0,0,15360
2026-09-27T04:37:36.890828+00:00,0,100,12785,15360
2026-09-27T04:37:36.890828+00:00,1,0,0,15360
2026-09-27T04:37:37.933808+00:00,0,100,12785,15360
2026-09-27T04:37:37.933808+00:00,1,0,0,15360
2026-09-27T04:37:38.975865+00:00,0,100,12785,15360
2026-09-27T04:37:38.975865+00:00,1,0,0,15360
2026-09-27T04:37:40.018893+00:00,0,100,12785,15360
2026-09-27T04:37:40.018893+00:00,1,0,0,15360
2026-09-27T04:37:41.062157+00:00,0,100,12785,15360
2026-09-27T04:37:41.062157+00:00,1,0,0,15360
2026-09-27T04:37:42.105510+00:00,0,100,12785,15360
2026-09-27T04:37:42.105510+00:00,1,0,0,15360
2026-09-27T04:37:43.149928+00:00,0,100,12785,15360
2026-09-27T04:37:43.149928+00:00,1,0,0,15360
2026-09-27T04:37:44.192350+00:00,0,100,12785,15360
2026-09-27T04:37:44.192350+00:00,1,0,0,15360
2026-09-27T04:37:45.236499+00:00,0,100,12785,15360
2026-09-27T04:37:45.236499+00:00,1,0,0,15360
2026-09-27T04:37:46.277948+00:00,0,100,12785,15360
2026-09-27T04:37:46.277948+00:00,1,0,0,15360
2026-09-27T04:37:47.322467+00:00,0,100,12785,15360
2026-09-27T04:37:47.322467+00:00,1,0,0,15360
2026-09-27T04:37:48.363849+00:00,0,100,12785,15360
2026-09-27T04:37:48.363849+00:00,1,0,0,15360
2026-09-27T04:37:49.407855+00:00,0,100,12785,15360
2026-09-27T04:37:49.407855+00:00,1,0,0,15360
2026-09-27T04:37:50.449153+00:00,0,100,12785,15360
2026-09-27T04:37:50.449153+00:00,1,0,0,15360
2026-09-27T04:37:51.493141+00:00,0,100,12785,15360
2026-09-27T04:37:51.493141+00:00,1,0,0,15360
2026-09-27T04:37:52.536346+00:00,0,100,12785,15360
2026-09-27T04:37:52.536346+00:00,1,0,0,15360
2026-09-27T04:37:53.579477+00:00,0,100,12785,15360
2026-09-27T04:37:53.579477+00:00,1,0,0,15360
2026-09-27T04:37:54.621946+00:00,0,100,12785,15360
2026-09-27T04:37:54.621946+00:00,1,0,0,15360
2026-09-27T04:37:55.665189+00:00,0,100,12785,15360
2026-09-27T04:37:55.665189+00:00,1,0,0,15360
2026-09-27T04:37:56.708569+00:00,0,100,12785,15360
2026-09-27T04:37:56.708569+00:00,1,0,0,15360
2026-09-27T04:37:57.750098+00:00,0,100,12785,15360
2026-09-27T04:37:57.750098+00:00,1,0,0,15360
2026-09-27T04:37:58.792497+00:00,0,100,12785,15360
2026-09-27T04:37:58.792497+00:00,1,0,0,15360
2026-09-27T04:37:59.840651+00:00,0,100,12785,15360
2026-09-27T04:37:59.840651+00:00,1,0,0,15360
2026-09-27T04:38:00.883102+00:00,0,100,12785,15360
2026-09-27T04:38:00.883102+00:00,1,0,0,15360
2026-09-27T04:38:01.924415+00:00,0,100,12785,15360
2026-09-27T04:38:01.924415+00:00,1,0,0,15360
2026-09-27T04:38:02.967286+00:00,0,100,12785,15360
2026-09-27T04:38:02.967286+00:00,1,0,0,15360
2026-09-27T04:38:04.011533+00:00,0,100,12785,15360
2026-09-27T04:38:04.011533+00:00,1,0,0,15360
2026-09-27T04:38:05.055822+00:00,0,100,12785,15360
2026-09-27T04:38:05.055822+00:00,1,0,0,15360
2026-09-27T04:38:06.099673+00:00,0,100,12785,15360
2026-09-27T04:38:06.099673+00:00,1,0,0,15360
2026-09-27T04:38:07.142141+00:00,0,100,12785,15360
2026-09-27T04:38:07.142141+00:00,1,0,0,15360
2026-09-27T04:38:08.186600+00:00,0,100,12785,15360
2026-09-27T04:38:08.186600+00:00,1,0,0,15360
2026-09-27T04:38:09.230419+00:00,0,100,12785,15360
2026-09-27T04:38:09.230419+00:00,1,0,0,15360
2026-09-27T04:38:10.272451+00:00,0,100,12785,15360
2026-09-27T04:38:10.272451+00:00,1,0,0,15360
2026-09-27T04:38:11.313546+00:00,0,100,12785,15360
2026-09-27T04:38:11.313546+00:00,1,0,0,15360
2026-09-27T04:38:12.357341+00:00,0,100,12785,15360
2026-09-27T04:38:12.357341+00:00,1,0,0,15360
2026-09-27T04:38:13.401695+00:00,0,100,12785,15360
2026-09-27T04:38:13.401695+00:00,1,0,0,15360
2026-09-27T04:38:14.444821+00:00,0,100,12785,15360
2026-09-27T04:38:14.444821+00:00,1,0,0,15360
2026-09-27T04:38:15.486801+00:00,0,100,12785,15360
2026-09-27T04:38:15.486801+00:00,1,0,0,15360
2026-09-27T04:38:16.529807+00:00,0,100,12785,15360
2026-09-27T04:38:16.529807+00:00,1,0,0,15360
2026-09-27T04:38:17.571832+00:00,0,100,12785,15360
2026-09-27T04:38:17.571832+00:00,1,0,0,15360
2026-09-27T04:38:18.614064+00:00,0,100,12785,15360
2026-09-27T04:38:18.614064+00:00,1,0,0,15360
2026-09-27T04:38:19.654870+00:00,0,100,12785,15360
2026-09-27T04:38:19.654870+00:00,1,0,0,15360
2026-09-27T04:38:20.695860+00:00,0,100,12785,15360
2026-09-27T04:38:20.695860+00:00,1,0,0,15360
2026-09-27T04:38:21.738254+00:00,0,100,12785,15360
2026-09-27T04:38:21.738254+00:00,1,0,0,15360
2026-09-27T04:38:22.779959+00:00,0,100,12785,15360
2026-09-27T04:38:22.779959+00:00,1,0,0,15360
2026-09-27T04:38:23.823474+00:00,0,100,12785,15360
2026-09-27T04:38:23.823474+00:00,1,0,0,15360
2026-09-27T04:38:24.866936+00:00,0,100,12785,15360
2026-09-27T04:38:24.866936+00:00,1,0,0,15360
2026-09-27T04:38:25.910915+00:00,0,100,12785,15360
2026-09-27T04:38:25.910915+00:00,1,0,0,15360
2026-09-27T04:38:26.954628+00:00,0,100,12785,15360
2026-09-27T04:38:26.954628+00:00,1,0,0,15360
2026-09-27T04:38:27.995214+00:00,0,100,12785,15360
2026-09-27T04:38:27.995214+00:00,1,0,0,15360
2026-09-27T04:38:29.038498+00:00,0,100,12785,15360
2026-09-27T04:38:29.038498+00:00,1,0,0,15360
2026-09-27T04:38:30.078622+00:00,0,100,12785,15360
2026-09-27T04:38:30.078622+00:00,1,0,0,15360
2026-09-27T04:38:31.120035+00:00,0,100,12785,15360
2026-09-27T04:38:31.120035+00:00,1,0,0,15360
2026-09-27T04:38:32.162658+00:00,0,100,12785,15360
2026-09-27T04:38:32.162658+00:00,1,0,0,15360
2026-09-27T04:38:33.205463+00:00,0,100,12785,15360
2026-09-27T04:38:33.205463+00:00,1,0,0,15360
2026-09-27T04:38:34.248657+00:00,0,100,12785,15360
2026-09-27T04:38:34.248657+00:00,1,0,0,15360
2026-09-27T04:38:35.295433+00:00,0,100,12785,15360
2026-09-27T04:38:35.295433+00:00,1,0,0,15360
2026-09-27T04:38:36.341165+00:00,0,100,12785,15360
2026-09-27T04:38:36.341165+00:00,1,0,0,15360
2026-09-27T04:38:37.384124+00:00,0,100,12785,15360
2026-09-27T04:38:37.384124+00:00,1,0,0,15360
2026-09-27T04:38:38.427865+00:00,0,100,12785,15360
2026-09-27T04:38:38.427865+00:00,1,0,0,15360
2026-09-27T04:38:39.478470+00:00,0,100,12785,15360
2026-09-27T04:38:39.478470+00:00,1,0,0,15360
2026-09-27T04:38:40.520772+00:00,0,100,12785,15360
2026-09-27T04:38:40.520772+00:00,1,0,0,15360
2026-09-27T04:38:41.565194+00:00,0,100,12785,15360
2026-09-27T04:38:41.565194+00:00,1,0,0,15360
2026-09-27T04:38:42.609154+00:00,0,100,12785,15360
2026-09-27T04:38:42.609154+00:00,1,0,0,15360
2026-09-27T04:38:43.651510+00:00,0,100,12785,15360
2026-09-27T04:38:43.651510+00:00,1,0,0,15360
2026-09-27T04:38:44.697197+00:00,0,100,12785,15360
2026-09-27T04:38:44.697197+00:00,1,0,0,15360
2026-09-27T04:38:45.739162+00:00,0,100,12785,15360
2026-09-27T04:38:45.739162+00:00,1,0,0,15360
2026-09-27T04:38:46.781201+00:00,0,100,12785,15360
2026-09-27T04:38:46.781201+00:00,1,0,0,15360
2026-09-27T04:38:47.825096+00:00,0,100,12785,15360
2026-09-27T04:38:47.825096+00:00,1,0,0,15360
2026-09-27T04:38:48.868280+00:00,0,100,12785,15360
2026-09-27T04:38:48.868280+00:00,1,0,0,15360
2026-09-27T04:38:49.910622+00:00,0,100,12785,15360
2026-09-27T04:38:49.910622+00:00,1,0,0,15360
2026-09-27T04:38:50.951978+00:00,0,100,12785,15360
2026-09-27T04:38:50.951978+00:00,1,0,0,15360
2026-09-27T04:38:51.994156+00:00,0,100,12785,15360
2026-09-27T04:38:51.994156+00:00,1,0,0,15360
2026-09-27T04:38:53.035999+00:00,0,100,12785,15360
2026-09-27T04:38:53.035999+00:00,1,0,0,15360
2026-09-27T04:38:54.079181+00:00,0,100,12785,15360
2026-09-27T04:38:54.079181+00:00,1,0,0,15360
2026-09-27T04:38:55.123999+00:00,0,100,12785,15360
2026-09-27T04:38:55.123999+00:00,1,0,0,15360
2026-09-27T04:38:56.167786+00:00,0,100,12785,15360
2026-09-27T04:38:56.167786+00:00,1,0,0,15360
2026-09-27T04:38:57.211608+00:00,0,100,12785,15360
2026-09-27T04:38:57.211608+00:00,1,0,0,15360
2026-09-27T04:38:58.255991+00:00,0,100,12785,15360
2026-09-27T04:38:58.255991+00:00,1,0,0,15360
2026-09-27T04:38:59.301487+00:00,0,100,12785,15360
2026-09-27T04:38:59.301487+00:00,1,0,0,15360
2026-09-27T04:39:00.343102+00:00,0,100,12785,15360
2026-09-27T04:39:00.343102+00:00,1,0,0,15360
2026-09-27T04:39:01.386913+00:00,0,100,12785,15360
2026-09-27T04:39:01.386913+00:00,1,0,0,15360
2026-09-27T04:39:02.428811+00:00,0,100,12785,15360
2026-09-27T04:39:02.428811+00:00,1,0,0,15360
2026-09-27T04:39:03.474823+00:00,0,100,12785,15360
2026-09-27T04:39:03.474823+00:00,1,0,0,15360
2026-09-27T04:39:04.518114+00:00,0,100,12785,15360
2026-09-27T04:39:04.518114+00:00,1,0,0,15360
2026-09-27T04:39:05.563464+00:00,0,100,12785,15360
2026-09-27T04:39:05.563464+00:00,1,0,0,15360
2026-09-27T04:39:06.607509+00:00,0,100,12785,15360
2026-09-27T04:39:06.607509+00:00,1,0,0,15360
2026-09-27T04:39:07.653000+00:00,0,100,12785,15360
2026-09-27T04:39:07.653000+00:00,1,0,0,15360
2026-09-27T04:39:08.696135+00:00,0,100,12785,15360
2026-09-27T04:39:08.696135+00:00,1,0,0,15360
2026-09-27T04:39:09.740192+00:00,0,100,12785,15360
2026-09-27T04:39:09.740192+00:00,1,0,0,15360
2026-09-27T04:39:10.787109+00:00,0,100,12785,15360
2026-09-27T04:39:10.787109+00:00,1,0,0,15360
2026-09-27T04:39:11.829313+00:00,0,100,12785,15360
2026-09-27T04:39:11.829313+00:00,1,0,0,15360
2026-09-27T04:39:12.883049+00:00,0,0,12785,15360
2026-09-27T04:39:12.883049+00:00,1,0,0,15360
2026-09-27T04:39:13.925247+00:00,0,0,12785,15360
2026-09-27T04:39:13.925247+00:00,1,0,0,15360
2026-09-27T04:39:14.967054+00:00,0,0,12785,15360
2026-09-27T04:39:14.967054+00:00,1,0,0,15360
2026-09-27T04:39:16.008061+00:00,0,0,12785,15360
2026-09-27T04:39:16.008061+00:00,1,0,0,15360
2026-09-27T04:39:17.049148+00:00,0,0,12785,15360
2026-09-27T04:39:17.049148+00:00,1,0,0,15360
2026-09-27T04:39:18.089969+00:00,0,0,12785,15360
2026-09-27T04:39:18.089969+00:00,1,0,0,15360
2026-09-27T04:39:19.131110+00:00,0,0,12785,15360
2026-09-27T04:39:19.131110+00:00,1,0,0,15360
2026-09-27T04:39:20.172414+00:00,0,0,12785,15360
2026-09-27T04:39:20.172414+00:00,1,0,0,15360
2026-09-27T04:39:21.212893+00:00,0,0,12785,15360
2026-09-27T04:39:21.212893+00:00,1,0,0,15360
2026-09-27T04:39:22.253409+00:00,0,0,12785,15360
2026-09-27T04:39:22.253409+00:00,1,0,0,15360
2026-09-27T04:39:23.294351+00:00,0,0,12785,15360
2026-09-27T04:39:23.294351+00:00,1,0,0,15360
2026-09-27T04:39:24.335747+00:00,0,0,12785,15360
2026-09-27T04:39:24.335747+00:00,1,0,0,15360
2026-09-27T04:39:25.377245+00:00,0,0,12785,15360
2026-09-27T04:39:25.377245+00:00,1,0,0,15360
2026-09-27T04:39:26.418195+00:00,0,0,12785,15360
2026-09-27T04:39:26.418195+00:00,1,0,0,15360
2026-09-27T04:39:27.459451+00:00,0,0,12785,15360
2026-09-27T04:39:27.459451+00:00,1,0,0,15360
2026-09-27T04:39:28.501131+00:00,0,0,12785,15360
2026-09-27T04:39:28.501131+00:00,1,0,0,15360
2026-09-27T04:39:29.542012+00:00,0,0,12785,15360
2026-09-27T04:39:29.542012+00:00,1,0,0,15360
2026-09-27T04:39:30.595444+00:00,0,0,12785,15360
2026-09-27T04:39:30.595444+00:00,1,0,0,15360
2026-09-27T04:39:31.636518+00:00,0,0,12785,15360
2026-09-27T04:39:31.636518+00:00,1,0,0,15360
2026-09-27T04:39:32.677400+00:00,0,0,12785,15360
2026-09-27T04:39:32.677400+00:00,1,0,0,15360
2026-09-27T04:39:33.718287+00:00,0,0,12785,15360
2026-09-27T04:39:33.718287+00:00,1,0,0,15360
2026-09-27T04:39:34.759528+00:00,0,0,12785,15360
2026-09-27T04:39:34.759528+00:00,1,0,0,15360
2026-09-27T04:39:35.801051+00:00,0,0,12785,15360
2026-09-27T04:39:35.801051+00:00,1,0,0,15360
2026-09-27T04:39:36.843032+00:00,0,0,12785,15360
2026-09-27T04:39:36.843032+00:00,1,0,0,15360
2026-09-27T04:39:37.883827+00:00,0,0,12785,15360
2026-09-27T04:39:37.883827+00:00,1,0,0,15360
2026-09-27T04:39:38.925237+00:00,0,0,12785,15360
2026-09-27T04:39:38.925237+00:00,1,0,0,15360
2026-09-27T04:39:39.971873+00:00,0,58,12785,15360
2026-09-27T04:39:39.971873+00:00,1,0,0,15360
2026-09-27T04:39:41.017141+00:00,0,100,12785,15360
2026-09-27T04:39:41.017141+00:00,1,0,0,15360
2026-09-27T04:39:42.060260+00:00,0,100,12785,15360
2026-09-27T04:39:42.060260+00:00,1,0,0,15360
2026-09-27T04:39:43.102978+00:00,0,100,12785,15360
2026-09-27T04:39:43.102978+00:00,1,0,0,15360
2026-09-27T04:39:44.146061+00:00,0,100,12785,15360
2026-09-27T04:39:44.146061+00:00,1,0,0,15360
2026-09-27T04:39:45.187929+00:00,0,100,12785,15360
2026-09-27T04:39:45.187929+00:00,1,0,0,15360
2026-09-27T04:39:46.232046+00:00,0,100,12785,15360
2026-09-27T04:39:46.232046+00:00,1,0,0,15360
2026-09-27T04:39:47.277979+00:00,0,100,12785,15360
2026-09-27T04:39:47.277979+00:00,1,0,0,15360
2026-09-27T04:39:48.321436+00:00,0,100,12785,15360
2026-09-27T04:39:48.321436+00:00,1,0,0,15360
2026-09-27T04:39:49.367252+00:00,0,100,12785,15360
2026-09-27T04:39:49.367252+00:00,1,0,0,15360
2026-09-27T04:39:50.410923+00:00,0,100,12785,15360
2026-09-27T04:39:50.410923+00:00,1,0,0,15360
2026-09-27T04:39:51.453645+00:00,0,100,12785,15360
2026-09-27T04:39:51.453645+00:00,1,0,0,15360
2026-09-27T04:39:52.496658+00:00,0,100,12785,15360
2026-09-27T04:39:52.496658+00:00,1,0,0,15360
2026-09-27T04:39:53.539270+00:00,0,100,12785,15360
2026-09-27T04:39:53.539270+00:00,1,0,0,15360
2026-09-27T04:39:54.581371+00:00,0,100,12785,15360
2026-09-27T04:39:54.581371+00:00,1,0,0,15360
2026-09-27T04:39:55.623627+00:00,0,100,12785,15360
2026-09-27T04:39:55.623627+00:00,1,0,0,15360
2026-09-27T04:39:56.668149+00:00,0,100,12785,15360
2026-09-27T04:39:56.668149+00:00,1,0,0,15360
2026-09-27T04:39:57.714925+00:00,0,100,12785,15360
2026-09-27T04:39:57.714925+00:00,1,0,0,15360
2026-09-27T04:39:58.758057+00:00,0,100,12785,15360
2026-09-27T04:39:58.758057+00:00,1,0,0,15360
2026-09-27T04:39:59.805328+00:00,0,100,12785,15360
2026-09-27T04:39:59.805328+00:00,1,0,0,15360
2026-09-27T04:40:00.847216+00:00,0,100,12785,15360
2026-09-27T04:40:00.847216+00:00,1,0,0,15360
2026-09-27T04:40:01.891914+00:00,0,100,12785,15360
2026-09-27T04:40:01.891914+00:00,1,0,0,15360
2026-09-27T04:40:02.935207+00:00,0,100,12785,15360
2026-09-27T04:40:02.935207+00:00,1,0,0,15360
2026-09-27T04:40:03.977615+00:00,0,100,12785,15360
2026-09-27T04:40:03.977615+00:00,1,0,0,15360
2026-09-27T04:40:05.018980+00:00,0,100,12785,15360
2026-09-27T04:40:05.018980+00:00,1,0,0,15360
2026-09-27T04:40:06.060975+00:00,0,100,12785,15360
2026-09-27T04:40:06.060975+00:00,1,0,0,15360
2026-09-27T04:40:07.103614+00:00,0,100,12785,15360
2026-09-27T04:40:07.103614+00:00,1,0,0,15360
2026-09-27T04:40:08.146196+00:00,0,100,12785,15360
2026-09-27T04:40:08.146196+00:00,1,0,0,15360
2026-09-27T04:40:09.191428+00:00,0,100,12785,15360
2026-09-27T04:40:09.191428+00:00,1,0,0,15360
2026-09-27T04:40:10.233858+00:00,0,100,12785,15360
2026-09-27T04:40:10.233858+00:00,1,0,0,15360
2026-09-27T04:40:11.276851+00:00,0,100,12785,15360
2026-09-27T04:40:11.276851+00:00,1,0,0,15360
2026-09-27T04:40:12.320604+00:00,0,100,12785,15360
2026-09-27T04:40:12.320604+00:00,1,0,0,15360
2026-09-27T04:40:13.363194+00:00,0,100,12785,15360
2026-09-27T04:40:13.363194+00:00,1,0,0,15360
2026-09-27T04:40:14.405009+00:00,0,100,12785,15360
2026-09-27T04:40:14.405009+00:00,1,0,0,15360
2026-09-27T04:40:15.446934+00:00,0,100,12785,15360
2026-09-27T04:40:15.446934+00:00,1,0,0,15360
2026-09-27T04:40:16.490970+00:00,0,100,12785,15360
2026-09-27T04:40:16.490970+00:00,1,0,0,15360
2026-09-27T04:40:17.534942+00:00,0,100,12785,15360
2026-09-27T04:40:17.534942+00:00,1,0,0,15360
2026-09-27T04:40:18.579688+00:00,0,100,12785,15360
2026-09-27T04:40:18.579688+00:00,1,0,0,15360
2026-09-27T04:40:19.621821+00:00,0,100,12785,15360
2026-09-27T04:40:19.621821+00:00,1,0,0,15360
2026-09-27T04:40:20.666307+00:00,0,100,12785,15360
2026-09-27T04:40:20.666307+00:00,1,0,0,15360
2026-09-27T04:40:21.708232+00:00,0,100,12785,15360
2026-09-27T04:40:21.708232+00:00,1,0,0,15360
2026-09-27T04:40:22.752435+00:00,0,100,12785,15360
2026-09-27T04:40:22.752435+00:00,1,0,0,15360
2026-09-27T04:40:23.794936+00:00,0,100,12785,15360
2026-09-27T04:40:23.794936+00:00,1,0,0,15360
2026-09-27T04:40:24.841618+00:00,0,100,12785,15360
2026-09-27T04:40:24.841618+00:00,1,0,0,15360
2026-09-27T04:40:25.884838+00:00,0,100,12785,15360
2026-09-27T04:40:25.884838+00:00,1,0,0,15360
2026-09-27T04:40:26.926882+00:00,0,100,12785,15360
2026-09-27T04:40:26.926882+00:00,1,0,0,15360
2026-09-27T04:40:27.969654+00:00,0,100,12785,15360
2026-09-27T04:40:27.969654+00:00,1,0,0,15360
2026-09-27T04:40:29.011944+00:00,0,100,12785,15360
2026-09-27T04:40:29.011944+00:00,1,0,0,15360
2026-09-27T04:40:30.056201+00:00,0,100,12785,15360
2026-09-27T04:40:30.056201+00:00,1,0,0,15360
2026-09-27T04:40:31.099068+00:00,0,100,12785,15360
2026-09-27T04:40:31.099068+00:00,1,0,0,15360
2026-09-27T04:40:32.143069+00:00,0,100,12785,15360
2026-09-27T04:40:32.143069+00:00,1,0,0,15360
2026-09-27T04:40:33.185599+00:00,0,100,12785,15360
2026-09-27T04:40:33.185599+00:00,1,0,0,15360
2026-09-27T04:40:34.229236+00:00,0,100,12785,15360
2026-09-27T04:40:34.229236+00:00,1,0,0,15360
2026-09-27T04:40:35.272093+00:00,0,100,12785,15360
2026-09-27T04:40:35.272093+00:00,1,0,0,15360
2026-09-27T04:40:36.315151+00:00,0,100,12785,15360
2026-09-27T04:40:36.315151+00:00,1,0,0,15360
2026-09-27T04:40:37.358886+00:00,0,100,12785,15360
2026-09-27T04:40:37.358886+00:00,1,0,0,15360
2026-09-27T04:40:38.404505+00:00,0,100,12785,15360
2026-09-27T04:40:38.404505+00:00,1,0,0,15360
2026-09-27T04:40:39.447206+00:00,0,100,12785,15360
2026-09-27T04:40:39.447206+00:00,1,0,0,15360
2026-09-27T04:40:40.490124+00:00,0,100,12785,15360
2026-09-27T04:40:40.490124+00:00,1,0,0,15360
2026-09-27T04:40:41.534945+00:00,0,100,12785,15360
2026-09-27T04:40:41.534945+00:00,1,0,0,15360
2026-09-27T04:40:42.576339+00:00,0,100,12785,15360
2026-09-27T04:40:42.576339+00:00,1,0,0,15360
2026-09-27T04:40:43.619982+00:00,0,100,12785,15360
2026-09-27T04:40:43.619982+00:00,1,0,0,15360
2026-09-27T04:40:44.665660+00:00,0,100,12785,15360
2026-09-27T04:40:44.665660+00:00,1,0,0,15360
2026-09-27T04:40:45.710873+00:00,0,100,12785,15360
2026-09-27T04:40:45.710873+00:00,1,0,0,15360
2026-09-27T04:40:46.755917+00:00,0,100,12785,15360
2026-09-27T04:40:46.755917+00:00,1,0,0,15360
2026-09-27T04:40:47.799741+00:00,0,100,12785,15360
2026-09-27T04:40:47.799741+00:00,1,0,0,15360
2026-09-27T04:40:48.842817+00:00,0,100,12785,15360
2026-09-27T04:40:48.842817+00:00,1,0,0,15360
2026-09-27T04:40:49.886814+00:00,0,100,12785,15360
2026-09-27T04:40:49.886814+00:00,1,0,0,15360
2026-09-27T04:40:50.929447+00:00,0,100,12785,15360
2026-09-27T04:40:50.929447+00:00,1,0,0,15360
2026-09-27T04:40:51.975388+00:00,0,100,12785,15360
2026-09-27T04:40:51.975388+00:00,1,0,0,15360
2026-09-27T04:40:53.019054+00:00,0,100,12785,15360
2026-09-27T04:40:53.019054+00:00,1,0,0,15360
2026-09-27T04:40:54.062294+00:00,0,100,12785,15360
2026-09-27T04:40:54.062294+00:00,1,0,0,15360
2026-09-27T04:40:55.105803+00:00,0,100,12785,15360
2026-09-27T04:40:55.105803+00:00,1,0,0,15360
2026-09-27T04:40:56.147991+00:00,0,100,12785,15360
2026-09-27T04:40:56.147991+00:00,1,0,0,15360
2026-09-27T04:40:57.191764+00:00,0,100,12785,15360
2026-09-27T04:40:57.191764+00:00,1,0,0,15360
2026-09-27T04:40:58.234829+00:00,0,100,12785,15360
2026-09-27T04:40:58.234829+00:00,1,0,0,15360
2026-09-27T04:40:59.278871+00:00,0,100,12785,15360
2026-09-27T04:40:59.278871+00:00,1,0,0,15360
2026-09-27T04:41:00.321645+00:00,0,100,12785,15360
2026-09-27T04:41:00.321645+00:00,1,0,0,15360
2026-09-27T04:41:01.365219+00:00,0,100,12785,15360
2026-09-27T04:41:01.365219+00:00,1,0,0,15360
2026-09-27T04:41:02.408032+00:00,0,100,12785,15360
2026-09-27T04:41:02.408032+00:00,1,0,0,15360
2026-09-27T04:41:03.449680+00:00,0,100,12785,15360
2026-09-27T04:41:03.449680+00:00,1,0,0,15360
2026-09-27T04:41:04.492109+00:00,0,100,12785,15360
2026-09-27T04:41:04.492109+00:00,1,0,0,15360
2026-09-27T04:41:05.533865+00:00,0,100,12785,15360
2026-09-27T04:41:05.533865+00:00,1,0,0,15360
2026-09-27T04:41:06.577315+00:00,0,100,12785,15360
2026-09-27T04:41:06.577315+00:00,1,0,0,15360
2026-09-27T04:41:07.617697+00:00,0,100,12785,15360
2026-09-27T04:41:07.617697+00:00,1,0,0,15360
2026-09-27T04:41:08.662385+00:00,0,100,12785,15360
2026-09-27T04:41:08.662385+00:00,1,0,0,15360
2026-09-27T04:41:09.706340+00:00,0,100,12785,15360
2026-09-27T04:41:09.706340+00:00,1,0,0,15360
2026-09-27T04:41:10.751030+00:00,0,100,12785,15360
2026-09-27T04:41:10.751030+00:00,1,0,0,15360
2026-09-27T04:41:11.794950+00:00,0,100,12785,15360
2026-09-27T04:41:11.794950+00:00,1,0,0,15360
2026-09-27T04:41:12.837269+00:00,0,100,12785,15360
2026-09-27T04:41:12.837269+00:00,1,0,0,15360
2026-09-27T04:41:13.881560+00:00,0,100,12785,15360
2026-09-27T04:41:13.881560+00:00,1,0,0,15360
2026-09-27T04:41:14.928291+00:00,0,100,12785,15360
2026-09-27T04:41:14.928291+00:00,1,0,0,15360
2026-09-27T04:41:15.972968+00:00,0,100,12785,15360
2026-09-27T04:41:15.972968+00:00,1,0,0,15360
2026-09-27T04:41:17.017943+00:00,0,100,12785,15360
2026-09-27T04:41:17.017943+00:00,1,0,0,15360
2026-09-27T04:41:18.062343+00:00,0,100,12785,15360
2026-09-27T04:41:18.062343+00:00,1,0,0,15360
2026-09-27T04:41:19.110616+00:00,0,100,12785,15360
2026-09-27T04:41:19.110616+00:00,1,0,0,15360
2026-09-27T04:41:20.154383+00:00,0,100,12785,15360
2026-09-27T04:41:20.154383+00:00,1,0,0,15360
2026-09-27T04:41:21.200210+00:00,0,100,12785,15360
2026-09-27T04:41:21.200210+00:00,1,0,0,15360
2026-09-27T04:41:22.245410+00:00,0,100,12785,15360
2026-09-27T04:41:22.245410+00:00,1,0,0,15360
2026-09-27T04:41:23.289622+00:00,0,100,12785,15360
2026-09-27T04:41:23.289622+00:00,1,0,0,15360
2026-09-27T04:41:24.336156+00:00,0,100,12785,15360
2026-09-27T04:41:24.336156+00:00,1,0,0,15360
2026-09-27T04:41:25.376367+00:00,0,0,12785,15360
2026-09-27T04:41:25.376367+00:00,1,0,0,15360
2026-09-27T04:41:26.417307+00:00,0,0,12785,15360
2026-09-27T04:41:26.417307+00:00,1,0,0,15360
2026-09-27T04:41:27.457344+00:00,0,0,12785,15360
2026-09-27T04:41:27.457344+00:00,1,0,0,15360
2026-09-27T04:41:28.498908+00:00,0,0,12785,15360
2026-09-27T04:41:28.498908+00:00,1,0,0,15360
2026-09-27T04:41:29.539634+00:00,0,0,12785,15360
2026-09-27T04:41:29.539634+00:00,1,0,0,15360
2026-09-27T04:41:30.580835+00:00,0,0,12785,15360
2026-09-27T04:41:30.580835+00:00,1,0,0,15360
2026-09-27T04:41:31.621485+00:00,0,0,12785,15360
2026-09-27T04:41:31.621485+00:00,1,0,0,15360
2026-09-27T04:41:32.663611+00:00,0,0,12785,15360
2026-09-27T04:41:32.663611+00:00,1,0,0,15360
2026-09-27T04:41:33.704783+00:00,0,0,12785,15360
2026-09-27T04:41:33.704783+00:00,1,0,0,15360
2026-09-27T04:41:34.746473+00:00,0,0,12785,15360
2026-09-27T04:41:34.746473+00:00,1,0,0,15360
2026-09-27T04:41:35.787729+00:00,0,0,12785,15360
2026-09-27T04:41:35.787729+00:00,1,0,0,15360
2026-09-27T04:41:36.829653+00:00,0,0,12785,15360
2026-09-27T04:41:36.829653+00:00,1,0,0,15360
2026-09-27T04:41:37.870502+00:00,0,0,12785,15360
2026-09-27T04:41:37.870502+00:00,1,0,0,15360
2026-09-27T04:41:38.912532+00:00,0,0,12785,15360
2026-09-27T04:41:38.912532+00:00,1,0,0,15360
2026-09-27T04:41:39.953870+00:00,0,0,12785,15360
2026-09-27T04:41:39.953870+00:00,1,0,0,15360
2026-09-27T04:41:41.010144+00:00,0,0,12785,15360
2026-09-27T04:41:41.010144+00:00,1,0,0,15360
2026-09-27T04:41:42.052960+00:00,0,0,12785,15360
2026-09-27T04:41:42.052960+00:00,1,0,0,15360
2026-09-27T04:41:43.094481+00:00,0,0,12785,15360
2026-09-27T04:41:43.094481+00:00,1,0,0,15360
2026-09-27T04:41:44.135817+00:00,0,0,12785,15360
2026-09-27T04:41:44.135817+00:00,1,0,0,15360
2026-09-27T04:41:45.177286+00:00,0,0,12785,15360
2026-09-27T04:41:45.177286+00:00,1,0,0,15360
2026-09-27T04:41:46.219231+00:00,0,0,12785,15360
2026-09-27T04:41:46.219231+00:00,1,0,0,15360
2026-09-27T04:41:47.259547+00:00,0,0,12785,15360
2026-09-27T04:41:47.259547+00:00,1,0,0,15360
2026-09-27T04:41:48.301497+00:00,0,0,12785,15360
2026-09-27T04:41:48.301497+00:00,1,0,0,15360
2026-09-27T04:41:49.342313+00:00,0,0,12785,15360
2026-09-27T04:41:49.342313+00:00,1,0,0,15360
2026-09-27T04:41:50.383122+00:00,0,0,12785,15360
2026-09-27T04:41:50.383122+00:00,1,0,0,15360
2026-09-27T04:41:51.423777+00:00,0,0,12785,15360
2026-09-27T04:41:51.423777+00:00,1,0,0,15360
2026-09-27T04:41:52.465000+00:00,0,0,12785,15360
2026-09-27T04:41:52.465000+00:00,1,0,0,15360
2026-09-27T04:41:53.511404+00:00,0,100,12785,15360
2026-09-27T04:41:53.511404+00:00,1,0,0,15360
2026-09-27T04:41:54.555182+00:00,0,100,12785,15360
2026-09-27T04:41:54.555182+00:00,1,0,0,15360
2026-09-27T04:41:55.597617+00:00,0,100,12785,15360
2026-09-27T04:41:55.597617+00:00,1,0,0,15360
2026-09-27T04:41:56.639770+00:00,0,100,12785,15360
2026-09-27T04:41:56.639770+00:00,1,0,0,15360
2026-09-27T04:41:57.681886+00:00,0,100,12785,15360
2026-09-27T04:41:57.681886+00:00,1,0,0,15360
2026-09-27T04:41:58.724635+00:00,0,100,12785,15360
2026-09-27T04:41:58.724635+00:00,1,0,0,15360
2026-09-27T04:41:59.768185+00:00,0,100,12785,15360
2026-09-27T04:41:59.768185+00:00,1,0,0,15360
2026-09-27T04:42:00.810382+00:00,0,100,12785,15360
2026-09-27T04:42:00.810382+00:00,1,0,0,15360
2026-09-27T04:42:01.853989+00:00,0,100,12785,15360
2026-09-27T04:42:01.853989+00:00,1,0,0,15360
2026-09-27T04:42:02.898622+00:00,0,100,12785,15360
2026-09-27T04:42:02.898622+00:00,1,0,0,15360
2026-09-27T04:42:03.942133+00:00,0,100,12785,15360
2026-09-27T04:42:03.942133+00:00,1,0,0,15360
2026-09-27T04:42:04.984998+00:00,0,100,12785,15360
2026-09-27T04:42:04.984998+00:00,1,0,0,15360
2026-09-27T04:42:06.027103+00:00,0,100,12785,15360
2026-09-27T04:42:06.027103+00:00,1,0,0,15360
2026-09-27T04:42:07.070985+00:00,0,100,12785,15360
2026-09-27T04:42:07.070985+00:00,1,0,0,15360
2026-09-27T04:42:08.114463+00:00,0,100,12785,15360
2026-09-27T04:42:08.114463+00:00,1,0,0,15360
2026-09-27T04:42:09.159839+00:00,0,100,12785,15360
2026-09-27T04:42:09.159839+00:00,1,0,0,15360
2026-09-27T04:42:10.205083+00:00,0,100,12785,15360
2026-09-27T04:42:10.205083+00:00,1,0,0,15360
2026-09-27T04:42:11.248167+00:00,0,100,12785,15360
2026-09-27T04:42:11.248167+00:00,1,0,0,15360
2026-09-27T04:42:12.291990+00:00,0,100,12785,15360
2026-09-27T04:42:12.291990+00:00,1,0,0,15360
2026-09-27T04:42:13.341034+00:00,0,100,12785,15360
2026-09-27T04:42:13.341034+00:00,1,0,0,15360
2026-09-27T04:42:14.384318+00:00,0,100,12785,15360
2026-09-27T04:42:14.384318+00:00,1,0,0,15360
2026-09-27T04:42:15.427616+00:00,0,100,12785,15360
2026-09-27T04:42:15.427616+00:00,1,0,0,15360
2026-09-27T04:42:16.471147+00:00,0,100,12785,15360
2026-09-27T04:42:16.471147+00:00,1,0,0,15360
2026-09-27T04:42:17.513844+00:00,0,100,12785,15360
2026-09-27T04:42:17.513844+00:00,1,0,0,15360
2026-09-27T04:42:18.559988+00:00,0,100,12785,15360
2026-09-27T04:42:18.559988+00:00,1,0,0,15360
2026-09-27T04:42:19.602554+00:00,0,100,12785,15360
2026-09-27T04:42:19.602554+00:00,1,0,0,15360
2026-09-27T04:42:20.646439+00:00,0,100,12785,15360
2026-09-27T04:42:20.646439+00:00,1,0,0,15360
2026-09-27T04:42:21.687997+00:00,0,100,12785,15360
2026-09-27T04:42:21.687997+00:00,1,0,0,15360
2026-09-27T04:42:22.729979+00:00,0,100,12785,15360
2026-09-27T04:42:22.729979+00:00,1,0,0,15360
2026-09-27T04:42:23.772399+00:00,0,100,12785,15360
2026-09-27T04:42:23.772399+00:00,1,0,0,15360
2026-09-27T04:42:24.815024+00:00,0,100,12785,15360
2026-09-27T04:42:24.815024+00:00,1,0,0,15360
2026-09-27T04:42:25.857126+00:00,0,100,12785,15360
2026-09-27T04:42:25.857126+00:00,1,0,0,15360
2026-09-27T04:42:26.901036+00:00,0,100,12785,15360
2026-09-27T04:42:26.901036+00:00,1,0,0,15360
2026-09-27T04:42:27.946718+00:00,0,100,12785,15360
2026-09-27T04:42:27.946718+00:00,1,0,0,15360
2026-09-27T04:42:28.991096+00:00,0,100,12785,15360
2026-09-27T04:42:28.991096+00:00,1,0,0,15360
2026-09-27T04:42:30.034381+00:00,0,100,12785,15360
2026-09-27T04:42:30.034381+00:00,1,0,0,15360
2026-09-27T04:42:31.077221+00:00,0,100,12785,15360
2026-09-27T04:42:31.077221+00:00,1,0,0,15360
2026-09-27T04:42:32.119893+00:00,0,100,12785,15360
2026-09-27T04:42:32.119893+00:00,1,0,0,15360
2026-09-27T04:42:33.164523+00:00,0,100,12785,15360
2026-09-27T04:42:33.164523+00:00,1,0,0,15360
2026-09-27T04:42:34.208879+00:00,0,100,12785,15360
2026-09-27T04:42:34.208879+00:00,1,0,0,15360
2026-09-27T04:42:35.251088+00:00,0,100,12785,15360
2026-09-27T04:42:35.251088+00:00,1,0,0,15360
2026-09-27T04:42:36.293111+00:00,0,100,12785,15360
2026-09-27T04:42:36.293111+00:00,1,0,0,15360
2026-09-27T04:42:37.336368+00:00,0,100,12785,15360
2026-09-27T04:42:37.336368+00:00,1,0,0,15360
2026-09-27T04:42:38.382382+00:00,0,100,12785,15360
2026-09-27T04:42:38.382382+00:00,1,0,0,15360
2026-09-27T04:42:39.424453+00:00,0,100,12785,15360
2026-09-27T04:42:39.424453+00:00,1,0,0,15360
2026-09-27T04:42:40.471894+00:00,0,100,12785,15360
2026-09-27T04:42:40.471894+00:00,1,0,0,15360
2026-09-27T04:42:41.513554+00:00,0,100,12785,15360
2026-09-27T04:42:41.513554+00:00,1,0,0,15360
2026-09-27T04:42:42.556374+00:00,0,100,12785,15360
2026-09-27T04:42:42.556374+00:00,1,0,0,15360
2026-09-27T04:42:43.598411+00:00,0,100,12785,15360
2026-09-27T04:42:43.598411+00:00,1,0,0,15360
2026-09-27T04:42:44.640686+00:00,0,100,12785,15360
2026-09-27T04:42:44.640686+00:00,1,0,0,15360
2026-09-27T04:42:45.682800+00:00,0,100,12785,15360
2026-09-27T04:42:45.682800+00:00,1,0,0,15360
2026-09-27T04:42:46.725232+00:00,0,100,12785,15360
2026-09-27T04:42:46.725232+00:00,1,0,0,15360
2026-09-27T04:42:47.767534+00:00,0,100,12785,15360
2026-09-27T04:42:47.767534+00:00,1,0,0,15360
2026-09-27T04:42:48.811676+00:00,0,100,12785,15360
2026-09-27T04:42:48.811676+00:00,1,0,0,15360
2026-09-27T04:42:49.856650+00:00,0,100,12785,15360
2026-09-27T04:42:49.856650+00:00,1,0,0,15360
2026-09-27T04:42:50.898822+00:00,0,100,12785,15360
2026-09-27T04:42:50.898822+00:00,1,0,0,15360
2026-09-27T04:42:51.941424+00:00,0,100,12785,15360
2026-09-27T04:42:51.941424+00:00,1,0,0,15360
2026-09-27T04:42:52.983904+00:00,0,100,12785,15360
2026-09-27T04:42:52.983904+00:00,1,0,0,15360
2026-09-27T04:42:54.026735+00:00,0,100,12785,15360
2026-09-27T04:42:54.026735+00:00,1,0,0,15360
2026-09-27T04:42:55.068994+00:00,0,100,12785,15360
2026-09-27T04:42:55.068994+00:00,1,0,0,15360
2026-09-27T04:42:56.113923+00:00,0,100,12785,15360
2026-09-27T04:42:56.113923+00:00,1,0,0,15360
2026-09-27T04:42:57.159507+00:00,0,100,12785,15360
2026-09-27T04:42:57.159507+00:00,1,0,0,15360
2026-09-27T04:42:58.203204+00:00,0,100,12785,15360
2026-09-27T04:42:58.203204+00:00,1,0,0,15360
2026-09-27T04:42:59.245260+00:00,0,100,12785,15360
2026-09-27T04:42:59.245260+00:00,1,0,0,15360
2026-09-27T04:43:00.291280+00:00,0,100,12785,15360
2026-09-27T04:43:00.291280+00:00,1,0,0,15360
2026-09-27T04:43:01.337020+00:00,0,100,12785,15360
2026-09-27T04:43:01.337020+00:00,1,0,0,15360
2026-09-27T04:43:02.382774+00:00,0,100,12785,15360
2026-09-27T04:43:02.382774+00:00,1,0,0,15360
2026-09-27T04:43:03.425175+00:00,0,100,12785,15360
2026-09-27T04:43:03.425175+00:00,1,0,0,15360
2026-09-27T04:43:04.469492+00:00,0,100,12785,15360
2026-09-27T04:43:04.469492+00:00,1,0,0,15360
2026-09-27T04:43:05.511778+00:00,0,100,12785,15360
2026-09-27T04:43:05.511778+00:00,1,0,0,15360
2026-09-27T04:43:06.557985+00:00,0,100,12785,15360
2026-09-27T04:43:06.557985+00:00,1,0,0,15360
2026-09-27T04:43:07.603491+00:00,0,100,12785,15360
2026-09-27T04:43:07.603491+00:00,1,0,0,15360
2026-09-27T04:43:08.645420+00:00,0,100,12785,15360
2026-09-27T04:43:08.645420+00:00,1,0,0,15360
2026-09-27T04:43:09.686824+00:00,0,100,12785,15360
2026-09-27T04:43:09.686824+00:00,1,0,0,15360
2026-09-27T04:43:10.730100+00:00,0,100,12785,15360
2026-09-27T04:43:10.730100+00:00,1,0,0,15360
2026-09-27T04:43:11.774655+00:00,0,100,12785,15360
2026-09-27T04:43:11.774655+00:00,1,0,0,15360
2026-09-27T04:43:12.817360+00:00,0,100,12785,15360
2026-09-27T04:43:12.817360+00:00,1,0,0,15360
2026-09-27T04:43:13.859695+00:00,0,100,12785,15360
2026-09-27T04:43:13.859695+00:00,1,0,0,15360
2026-09-27T04:43:14.903269+00:00,0,100,12785,15360
2026-09-27T04:43:14.903269+00:00,1,0,0,15360
2026-09-27T04:43:15.946947+00:00,0,100,12785,15360
2026-09-27T04:43:15.946947+00:00,1,0,0,15360
2026-09-27T04:43:16.989679+00:00,0,100,12785,15360
2026-09-27T04:43:16.989679+00:00,1,0,0,15360
2026-09-27T04:43:18.032808+00:00,0,100,12785,15360
2026-09-27T04:43:18.032808+00:00,1,0,0,15360
2026-09-27T04:43:19.076967+00:00,0,100,12785,15360
2026-09-27T04:43:19.076967+00:00,1,0,0,15360
2026-09-27T04:43:20.119555+00:00,0,100,12785,15360
2026-09-27T04:43:20.119555+00:00,1,0,0,15360
2026-09-27T04:43:21.165361+00:00,0,100,12785,15360
2026-09-27T04:43:21.165361+00:00,1,0,0,15360
2026-09-27T04:43:22.207214+00:00,0,100,12785,15360
2026-09-27T04:43:22.207214+00:00,1,0,0,15360
2026-09-27T04:43:23.251371+00:00,0,100,12785,15360
2026-09-27T04:43:23.251371+00:00,1,0,0,15360
2026-09-27T04:43:24.294189+00:00,0,100,12785,15360
2026-09-27T04:43:24.294189+00:00,1,0,0,15360
2026-09-27T04:43:25.339432+00:00,0,100,12785,15360
2026-09-27T04:43:25.339432+00:00,1,0,0,15360
2026-09-27T04:43:26.383606+00:00,0,100,12785,15360
2026-09-27T04:43:26.383606+00:00,1,0,0,15360
2026-09-27T04:43:27.428022+00:00,0,100,12785,15360
2026-09-27T04:43:27.428022+00:00,1,0,0,15360
2026-09-27T04:43:28.471484+00:00,0,100,12785,15360
2026-09-27T04:43:28.471484+00:00,1,0,0,15360
2026-09-27T04:43:29.515062+00:00,0,100,12785,15360
2026-09-27T04:43:29.515062+00:00,1,0,0,15360
2026-09-27T04:43:30.559177+00:00,0,100,12785,15360
2026-09-27T04:43:30.559177+00:00,1,0,0,15360
2026-09-27T04:43:31.604962+00:00,0,100,12785,15360
2026-09-27T04:43:31.604962+00:00,1,0,0,15360
2026-09-27T04:43:32.648470+00:00,0,100,12785,15360
2026-09-27T04:43:32.648470+00:00,1,0,0,15360
2026-09-27T04:43:33.692597+00:00,0,100,12785,15360
2026-09-27T04:43:33.692597+00:00,1,0,0,15360
2026-09-27T04:43:34.737168+00:00,0,100,12785,15360
2026-09-27T04:43:34.737168+00:00,1,0,0,15360
2026-09-27T04:43:35.780274+00:00,0,100,12785,15360
2026-09-27T04:43:35.780274+00:00,1,0,0,15360
2026-09-27T04:43:36.824517+00:00,0,100,12785,15360
2026-09-27T04:43:36.824517+00:00,1,0,0,15360
2026-09-27T04:43:37.866676+00:00,0,0,12785,15360
2026-09-27T04:43:37.866676+00:00,1,0,0,15360
2026-09-27T04:43:38.908106+00:00,0,0,12785,15360
2026-09-27T04:43:38.908106+00:00,1,0,0,15360
2026-09-27T04:43:39.954114+00:00,0,0,12785,15360
2026-09-27T04:43:39.954114+00:00,1,0,0,15360
2026-09-27T04:43:40.994827+00:00,0,0,12785,15360
2026-09-27T04:43:40.994827+00:00,1,0,0,15360
2026-09-27T04:43:42.036854+00:00,0,0,12785,15360
2026-09-27T04:43:42.036854+00:00,1,0,0,15360
2026-09-27T04:43:43.078120+00:00,0,0,12785,15360
2026-09-27T04:43:43.078120+00:00,1,0,0,15360
2026-09-27T04:43:44.119683+00:00,0,0,12785,15360
2026-09-27T04:43:44.119683+00:00,1,0,0,15360
2026-09-27T04:43:45.161263+00:00,0,0,12785,15360
2026-09-27T04:43:45.161263+00:00,1,0,0,15360
2026-09-27T04:43:46.202830+00:00,0,0,12785,15360
2026-09-27T04:43:46.202830+00:00,1,0,0,15360
2026-09-27T04:43:47.244401+00:00,0,0,12785,15360
2026-09-27T04:43:47.244401+00:00,1,0,0,15360
2026-09-27T04:43:48.285867+00:00,0,0,12785,15360
2026-09-27T04:43:48.285867+00:00,1,0,0,15360
2026-09-27T04:43:49.326617+00:00,0,0,12785,15360
2026-09-27T04:43:49.326617+00:00,1,0,0,15360
2026-09-27T04:43:50.367098+00:00,0,0,12785,15360
2026-09-27T04:43:50.367098+00:00,1,0,0,15360
2026-09-27T04:43:51.408548+00:00,0,0,12785,15360
2026-09-27T04:43:51.408548+00:00,1,0,0,15360
2026-09-27T04:43:52.449947+00:00,0,0,12785,15360
2026-09-27T04:43:52.449947+00:00,1,0,0,15360
2026-09-27T04:43:53.491177+00:00,0,0,12785,15360
2026-09-27T04:43:53.491177+00:00,1,0,0,15360
2026-09-27T04:43:54.532156+00:00,0,0,12785,15360
2026-09-27T04:43:54.532156+00:00,1,0,0,15360
2026-09-27T04:43:55.572546+00:00,0,0,12785,15360
2026-09-27T04:43:55.572546+00:00,1,0,0,15360
2026-09-27T04:43:56.614248+00:00,0,0,12785,15360
2026-09-27T04:43:56.614248+00:00,1,0,0,15360
2026-09-27T04:43:57.655322+00:00,0,0,12785,15360
2026-09-27T04:43:57.655322+00:00,1,0,0,15360
2026-09-27T04:43:58.696570+00:00,0,0,12785,15360
2026-09-27T04:43:58.696570+00:00,1,0,0,15360
2026-09-27T04:43:59.737880+00:00,0,0,12785,15360
2026-09-27T04:43:59.737880+00:00,1,0,0,15360
2026-09-27T04:44:00.778988+00:00,0,0,12785,15360
2026-09-27T04:44:00.778988+00:00,1,0,0,15360
2026-09-27T04:44:01.820600+00:00,0,0,12785,15360
2026-09-27T04:44:01.820600+00:00,1,0,0,15360
2026-09-27T04:44:02.862351+00:00,0,0,12785,15360
2026-09-27T04:44:02.862351+00:00,1,0,0,15360
2026-09-27T04:44:03.902865+00:00,0,0,12785,15360
2026-09-27T04:44:03.902865+00:00,1,0,0,15360
2026-09-27T04:44:04.943965+00:00,0,0,12785,15360
2026-09-27T04:44:04.943965+00:00,1,0,0,15360
2026-09-27T04:44:05.990000+00:00,0,100,12785,15360
2026-09-27T04:44:05.990000+00:00,1,0,0,15360
2026-09-27T04:44:07.035973+00:00,0,100,12785,15360
2026-09-27T04:44:07.035973+00:00,1,0,0,15360
2026-09-27T04:44:08.079805+00:00,0,100,12785,15360
2026-09-27T04:44:08.079805+00:00,1,0,0,15360
2026-09-27T04:44:09.122799+00:00,0,100,12785,15360
2026-09-27T04:44:09.122799+00:00,1,0,0,15360
2026-09-27T04:44:10.165677+00:00,0,100,12785,15360
2026-09-27T04:44:10.165677+00:00,1,0,0,15360
2026-09-27T04:44:11.208277+00:00,0,100,12785,15360
2026-09-27T04:44:11.208277+00:00,1,0,0,15360
2026-09-27T04:44:12.251115+00:00,0,100,12785,15360
2026-09-27T04:44:12.251115+00:00,1,0,0,15360
2026-09-27T04:44:13.295859+00:00,0,100,12785,15360
2026-09-27T04:44:13.295859+00:00,1,0,0,15360
2026-09-27T04:44:14.340130+00:00,0,100,12785,15360
2026-09-27T04:44:14.340130+00:00,1,0,0,15360
2026-09-27T04:44:15.384035+00:00,0,100,12785,15360
2026-09-27T04:44:15.384035+00:00,1,0,0,15360
2026-09-27T04:44:16.425901+00:00,0,100,12785,15360
2026-09-27T04:44:16.425901+00:00,1,0,0,15360
2026-09-27T04:44:17.467475+00:00,0,100,12785,15360
2026-09-27T04:44:17.467475+00:00,1,0,0,15360
2026-09-27T04:44:18.511313+00:00,0,100,12785,15360
2026-09-27T04:44:18.511313+00:00,1,0,0,15360
2026-09-27T04:44:19.555426+00:00,0,100,12785,15360
2026-09-27T04:44:19.555426+00:00,1,0,0,15360
2026-09-27T04:44:20.597534+00:00,0,100,12785,15360
2026-09-27T04:44:20.597534+00:00,1,0,0,15360
2026-09-27T04:44:21.639293+00:00,0,100,12785,15360
2026-09-27T04:44:21.639293+00:00,1,0,0,15360
2026-09-27T04:44:22.681009+00:00,0,100,12785,15360
2026-09-27T04:44:22.681009+00:00,1,0,0,15360
2026-09-27T04:44:23.726390+00:00,0,100,12785,15360
2026-09-27T04:44:23.726390+00:00,1,0,0,15360
2026-09-27T04:44:24.767869+00:00,0,100,12785,15360
2026-09-27T04:44:24.767869+00:00,1,0,0,15360
2026-09-27T04:44:25.813084+00:00,0,100,12785,15360
2026-09-27T04:44:25.813084+00:00,1,0,0,15360
2026-09-27T04:44:26.857851+00:00,0,100,12785,15360
2026-09-27T04:44:26.857851+00:00,1,0,0,15360
2026-09-27T04:44:27.900827+00:00,0,100,12785,15360
2026-09-27T04:44:27.900827+00:00,1,0,0,15360
2026-09-27T04:44:28.953132+00:00,0,100,12785,15360
2026-09-27T04:44:28.953132+00:00,1,0,0,15360
2026-09-27T04:44:29.999051+00:00,0,100,12785,15360
2026-09-27T04:44:29.999051+00:00,1,0,0,15360
2026-09-27T04:44:31.040342+00:00,0,100,12785,15360
2026-09-27T04:44:31.040342+00:00,1,0,0,15360
2026-09-27T04:44:32.082860+00:00,0,100,12785,15360
2026-09-27T04:44:32.082860+00:00,1,0,0,15360
2026-09-27T04:44:33.125075+00:00,0,100,12785,15360
2026-09-27T04:44:33.125075+00:00,1,0,0,15360
2026-09-27T04:44:34.166494+00:00,0,100,12785,15360
2026-09-27T04:44:34.166494+00:00,1,0,0,15360
2026-09-27T04:44:35.209871+00:00,0,100,12785,15360
2026-09-27T04:44:35.209871+00:00,1,0,0,15360
2026-09-27T04:44:36.251327+00:00,0,100,12785,15360
2026-09-27T04:44:36.251327+00:00,1,0,0,15360
2026-09-27T04:44:37.294577+00:00,0,100,12785,15360
2026-09-27T04:44:37.294577+00:00,1,0,0,15360
2026-09-27T04:44:38.338135+00:00,0,100,12785,15360
2026-09-27T04:44:38.338135+00:00,1,0,0,15360
2026-09-27T04:44:39.385251+00:00,0,100,12785,15360
2026-09-27T04:44:39.385251+00:00,1,0,0,15360
2026-09-27T04:44:40.426379+00:00,0,100,12785,15360
2026-09-27T04:44:40.426379+00:00,1,0,0,15360
2026-09-27T04:44:41.470220+00:00,0,100,12785,15360
2026-09-27T04:44:41.470220+00:00,1,0,0,15360
2026-09-27T04:44:42.513612+00:00,0,100,12785,15360
2026-09-27T04:44:42.513612+00:00,1,0,0,15360
2026-09-27T04:44:43.557873+00:00,0,100,12785,15360
2026-09-27T04:44:43.557873+00:00,1,0,0,15360
2026-09-27T04:44:44.600805+00:00,0,100,12785,15360
2026-09-27T04:44:44.600805+00:00,1,0,0,15360
2026-09-27T04:44:45.642275+00:00,0,100,12785,15360
2026-09-27T04:44:45.642275+00:00,1,0,0,15360
2026-09-27T04:44:46.686151+00:00,0,100,12785,15360
2026-09-27T04:44:46.686151+00:00,1,0,0,15360
2026-09-27T04:44:47.727955+00:00,0,100,12785,15360
2026-09-27T04:44:47.727955+00:00,1,0,0,15360
2026-09-27T04:44:48.770446+00:00,0,100,12785,15360
2026-09-27T04:44:48.770446+00:00,1,0,0,15360
2026-09-27T04:44:49.817332+00:00,0,100,12785,15360
2026-09-27T04:44:49.817332+00:00,1,0,0,15360
2026-09-27T04:44:50.859253+00:00,0,100,12785,15360
2026-09-27T04:44:50.859253+00:00,1,0,0,15360
2026-09-27T04:44:51.902657+00:00,0,100,12785,15360
2026-09-27T04:44:51.902657+00:00,1,0,0,15360
2026-09-27T04:44:52.945199+00:00,0,100,12785,15360
2026-09-27T04:44:52.945199+00:00,1,0,0,15360
2026-09-27T04:44:53.988372+00:00,0,100,12785,15360
2026-09-27T04:44:53.988372+00:00,1,0,0,15360
2026-09-27T04:44:55.030898+00:00,0,100,12785,15360
2026-09-27T04:44:55.030898+00:00,1,0,0,15360
2026-09-27T04:44:56.075514+00:00,0,100,12785,15360
2026-09-27T04:44:56.075514+00:00,1,0,0,15360
2026-09-27T04:44:57.123312+00:00,0,100,12785,15360
2026-09-27T04:44:57.123312+00:00,1,0,0,15360
2026-09-27T04:44:58.165484+00:00,0,100,12785,15360
2026-09-27T04:44:58.165484+00:00,1,0,0,15360
2026-09-27T04:44:59.208436+00:00,0,100,12785,15360
2026-09-27T04:44:59.208436+00:00,1,0,0,15360
2026-09-27T04:45:00.250218+00:00,0,100,12785,15360
2026-09-27T04:45:00.250218+00:00,1,0,0,15360
2026-09-27T04:45:01.291687+00:00,0,100,12785,15360
2026-09-27T04:45:01.291687+00:00,1,0,0,15360
2026-09-27T04:45:02.333590+00:00,0,100,12785,15360
2026-09-27T04:45:02.333590+00:00,1,0,0,15360
2026-09-27T04:45:03.377406+00:00,0,100,12785,15360
2026-09-27T04:45:03.377406+00:00,1,0,0,15360
2026-09-27T04:45:04.421621+00:00,0,100,12785,15360
2026-09-27T04:45:04.421621+00:00,1,0,0,15360
2026-09-27T04:45:05.463116+00:00,0,100,12785,15360
2026-09-27T04:45:05.463116+00:00,1,0,0,15360
2026-09-27T04:45:06.507927+00:00,0,100,12785,15360
2026-09-27T04:45:06.507927+00:00,1,0,0,15360
2026-09-27T04:45:07.548509+00:00,0,100,12785,15360
2026-09-27T04:45:07.548509+00:00,1,0,0,15360
2026-09-27T04:45:08.591497+00:00,0,100,12785,15360
2026-09-27T04:45:08.591497+00:00,1,0,0,15360
2026-09-27T04:45:09.634848+00:00,0,100,12785,15360
2026-09-27T04:45:09.634848+00:00,1,0,0,15360
2026-09-27T04:45:10.678260+00:00,0,100,12785,15360
2026-09-27T04:45:10.678260+00:00,1,0,0,15360
2026-09-27T04:45:11.720380+00:00,0,100,12785,15360
2026-09-27T04:45:11.720380+00:00,1,0,0,15360
2026-09-27T04:45:12.765102+00:00,0,100,12785,15360
2026-09-27T04:45:12.765102+00:00,1,0,0,15360
2026-09-27T04:45:13.809621+00:00,0,100,12785,15360
2026-09-27T04:45:13.809621+00:00,1,0,0,15360
2026-09-27T04:45:14.852892+00:00,0,100,12785,15360
2026-09-27T04:45:14.852892+00:00,1,0,0,15360
2026-09-27T04:45:15.897009+00:00,0,100,12785,15360
2026-09-27T04:45:15.897009+00:00,1,0,0,15360
2026-09-27T04:45:16.941206+00:00,0,100,12785,15360
2026-09-27T04:45:16.941206+00:00,1,0,0,15360
2026-09-27T04:45:17.983370+00:00,0,100,12785,15360
2026-09-27T04:45:17.983370+00:00,1,0,0,15360
2026-09-27T04:45:19.027643+00:00,0,100,12785,15360
2026-09-27T04:45:19.027643+00:00,1,0,0,15360
2026-09-27T04:45:20.069102+00:00,0,100,12785,15360
2026-09-27T04:45:20.069102+00:00,1,0,0,15360
2026-09-27T04:45:21.112459+00:00,0,100,12785,15360
2026-09-27T04:45:21.112459+00:00,1,0,0,15360
2026-09-27T04:45:22.154633+00:00,0,100,12785,15360
2026-09-27T04:45:22.154633+00:00,1,0,0,15360
2026-09-27T04:45:23.198964+00:00,0,100,12785,15360
2026-09-27T04:45:23.198964+00:00,1,0,0,15360
2026-09-27T04:45:24.246000+00:00,0,100,12785,15360
2026-09-27T04:45:24.246000+00:00,1,0,0,15360
2026-09-27T04:45:25.290540+00:00,0,100,12785,15360
2026-09-27T04:45:25.290540+00:00,1,0,0,15360
2026-09-27T04:45:26.332450+00:00,0,100,12785,15360
2026-09-27T04:45:26.332450+00:00,1,0,0,15360
2026-09-27T04:45:27.375180+00:00,0,100,12785,15360
2026-09-27T04:45:27.375180+00:00,1,0,0,15360
2026-09-27T04:45:28.419068+00:00,0,100,12785,15360
2026-09-27T04:45:28.419068+00:00,1,0,0,15360
2026-09-27T04:45:29.463912+00:00,0,100,12785,15360
2026-09-27T04:45:29.463912+00:00,1,0,0,15360
2026-09-27T04:45:30.507596+00:00,0,100,12785,15360
2026-09-27T04:45:30.507596+00:00,1,0,0,15360
2026-09-27T04:45:31.549467+00:00,0,100,12785,15360
2026-09-27T04:45:31.549467+00:00,1,0,0,15360
2026-09-27T04:45:32.592819+00:00,0,100,12785,15360
2026-09-27T04:45:32.592819+00:00,1,0,0,15360
2026-09-27T04:45:33.638053+00:00,0,100,12785,15360
2026-09-27T04:45:33.638053+00:00,1,0,0,15360
2026-09-27T04:45:34.680271+00:00,0,100,12785,15360
2026-09-27T04:45:34.680271+00:00,1,0,0,15360
2026-09-27T04:45:35.722855+00:00,0,100,12785,15360
2026-09-27T04:45:35.722855+00:00,1,0,0,15360
2026-09-27T04:45:36.766036+00:00,0,100,12785,15360
2026-09-27T04:45:36.766036+00:00,1,0,0,15360
2026-09-27T04:45:37.809124+00:00,0,100,12785,15360
2026-09-27T04:45:37.809124+00:00,1,0,0,15360
2026-09-27T04:45:38.853840+00:00,0,100,12785,15360
2026-09-27T04:45:38.853840+00:00,1,0,0,15360
2026-09-27T04:45:39.901922+00:00,0,100,12785,15360
2026-09-27T04:45:39.901922+00:00,1,0,0,15360
2026-09-27T04:45:40.946270+00:00,0,100,12785,15360
2026-09-27T04:45:40.946270+00:00,1,0,0,15360
2026-09-27T04:45:41.989660+00:00,0,100,12785,15360
2026-09-27T04:45:41.989660+00:00,1,0,0,15360
2026-09-27T04:45:43.033398+00:00,0,100,12785,15360
2026-09-27T04:45:43.033398+00:00,1,0,0,15360
2026-09-27T04:45:44.079110+00:00,0,100,12785,15360
2026-09-27T04:45:44.079110+00:00,1,0,0,15360
2026-09-27T04:45:45.122778+00:00,0,100,12785,15360
2026-09-27T04:45:45.122778+00:00,1,0,0,15360
2026-09-27T04:45:46.165842+00:00,0,100,12785,15360
2026-09-27T04:45:46.165842+00:00,1,0,0,15360
2026-09-27T04:45:47.209049+00:00,0,100,12785,15360
2026-09-27T04:45:47.209049+00:00,1,0,0,15360
2026-09-27T04:45:48.254873+00:00,0,100,12785,15360
2026-09-27T04:45:48.254873+00:00,1,0,0,15360
2026-09-27T04:45:49.299218+00:00,0,100,12785,15360
2026-09-27T04:45:49.299218+00:00,1,0,0,15360
2026-09-27T04:45:50.342067+00:00,0,95,12785,15360
2026-09-27T04:45:50.342067+00:00,1,0,0,15360
2026-09-27T04:45:51.397343+00:00,0,0,12785,15360
2026-09-27T04:45:51.397343+00:00,1,0,0,15360
2026-09-27T04:45:52.438662+00:00,0,0,12785,15360
2026-09-27T04:45:52.438662+00:00,1,0,0,15360
2026-09-27T04:45:53.479619+00:00,0,0,12785,15360
2026-09-27T04:45:53.479619+00:00,1,0,0,15360
2026-09-27T04:45:54.520896+00:00,0,0,12785,15360
2026-09-27T04:45:54.520896+00:00,1,0,0,15360
2026-09-27T04:45:55.562894+00:00,0,0,12785,15360
2026-09-27T04:45:55.562894+00:00,1,0,0,15360
2026-09-27T04:45:56.604542+00:00,0,0,12785,15360
2026-09-27T04:45:56.604542+00:00,1,0,0,15360
2026-09-27T04:45:57.645729+00:00,0,0,12785,15360
2026-09-27T04:45:57.645729+00:00,1,0,0,15360
2026-09-27T04:45:58.686599+00:00,0,0,12785,15360
2026-09-27T04:45:58.686599+00:00,1,0,0,15360
2026-09-27T04:45:59.728304+00:00,0,0,12785,15360
2026-09-27T04:45:59.728304+00:00,1,0,0,15360
2026-09-27T04:46:00.769376+00:00,0,0,12785,15360
2026-09-27T04:46:00.769376+00:00,1,0,0,15360
2026-09-27T04:46:01.812004+00:00,0,0,12785,15360
2026-09-27T04:46:01.812004+00:00,1,0,0,15360
2026-09-27T04:46:02.853868+00:00,0,0,12785,15360
2026-09-27T04:46:02.853868+00:00,1,0,0,15360
2026-09-27T04:46:03.895367+00:00,0,0,12785,15360
2026-09-27T04:46:03.895367+00:00,1,0,0,15360
2026-09-27T04:46:04.937169+00:00,0,0,12785,15360
2026-09-27T04:46:04.937169+00:00,1,0,0,15360
2026-09-27T04:46:05.978491+00:00,0,0,12785,15360
2026-09-27T04:46:05.978491+00:00,1,0,0,15360
2026-09-27T04:46:07.019331+00:00,0,0,12785,15360
2026-09-27T04:46:07.019331+00:00,1,0,0,15360
2026-09-27T04:46:08.060322+00:00,0,0,12785,15360
2026-09-27T04:46:08.060322+00:00,1,0,0,15360
2026-09-27T04:46:09.116786+00:00,0,0,12785,15360
2026-09-27T04:46:09.116786+00:00,1,0,0,15360
2026-09-27T04:46:10.157556+00:00,0,0,12785,15360
2026-09-27T04:46:10.157556+00:00,1,0,0,15360
2026-09-27T04:46:11.216225+00:00,0,0,12785,15360
2026-09-27T04:46:11.216225+00:00,1,0,0,15360
2026-09-27T04:46:12.256917+00:00,0,0,12785,15360
2026-09-27T04:46:12.256917+00:00,1,0,0,15360
2026-09-27T04:46:13.298125+00:00,0,0,12785,15360
2026-09-27T04:46:13.298125+00:00,1,0,0,15360
2026-09-27T04:46:14.341244+00:00,0,0,12785,15360
2026-09-27T04:46:14.341244+00:00,1,0,0,15360
2026-09-27T04:46:15.381988+00:00,0,0,12785,15360
2026-09-27T04:46:15.381988+00:00,1,0,0,15360
2026-09-27T04:46:16.423844+00:00,0,0,12785,15360
2026-09-27T04:46:16.423844+00:00,1,0,0,15360
2026-09-27T04:46:17.465146+00:00,0,0,12785,15360
2026-09-27T04:46:17.465146+00:00,1,0,0,15360
2026-09-27T04:46:18.513057+00:00,0,87,12785,15360
2026-09-27T04:46:18.513057+00:00,1,0,0,15360
2026-09-27T04:46:19.556865+00:00,0,100,12785,15360
2026-09-27T04:46:19.556865+00:00,1,0,0,15360
2026-09-27T04:46:20.599994+00:00,0,100,12785,15360
2026-09-27T04:46:20.599994+00:00,1,0,0,15360
2026-09-27T04:46:21.644579+00:00,0,100,12785,15360
2026-09-27T04:46:21.644579+00:00,1,0,0,15360
2026-09-27T04:46:22.688184+00:00,0,100,12785,15360
2026-09-27T04:46:22.688184+00:00,1,0,0,15360
2026-09-27T04:46:23.729682+00:00,0,100,12785,15360
2026-09-27T04:46:23.729682+00:00,1,0,0,15360
2026-09-27T04:46:24.773403+00:00,0,100,12785,15360
2026-09-27T04:46:24.773403+00:00,1,0,0,15360
2026-09-27T04:46:25.816359+00:00,0,100,12785,15360
2026-09-27T04:46:25.816359+00:00,1,0,0,15360
2026-09-27T04:46:26.860681+00:00,0,100,12785,15360
2026-09-27T04:46:26.860681+00:00,1,0,0,15360
2026-09-27T04:46:27.903607+00:00,0,100,12785,15360
2026-09-27T04:46:27.903607+00:00,1,0,0,15360
2026-09-27T04:46:28.945153+00:00,0,100,12785,15360
2026-09-27T04:46:28.945153+00:00,1,0,0,15360
2026-09-27T04:46:29.987488+00:00,0,100,12785,15360
2026-09-27T04:46:29.987488+00:00,1,0,0,15360
2026-09-27T04:46:31.029742+00:00,0,100,12785,15360
2026-09-27T04:46:31.029742+00:00,1,0,0,15360
2026-09-27T04:46:32.074560+00:00,0,100,12785,15360
2026-09-27T04:46:32.074560+00:00,1,0,0,15360
2026-09-27T04:46:33.116355+00:00,0,100,12785,15360
2026-09-27T04:46:33.116355+00:00,1,0,0,15360
2026-09-27T04:46:34.160949+00:00,0,100,12785,15360
2026-09-27T04:46:34.160949+00:00,1,0,0,15360
2026-09-27T04:46:35.202803+00:00,0,100,12785,15360
2026-09-27T04:46:35.202803+00:00,1,0,0,15360
2026-09-27T04:46:36.243659+00:00,0,100,12785,15360
2026-09-27T04:46:36.243659+00:00,1,0,0,15360
2026-09-27T04:46:37.287047+00:00,0,100,12785,15360
2026-09-27T04:46:37.287047+00:00,1,0,0,15360
2026-09-27T04:46:38.330440+00:00,0,100,12785,15360
2026-09-27T04:46:38.330440+00:00,1,0,0,15360
2026-09-27T04:46:39.372558+00:00,0,100,12785,15360
2026-09-27T04:46:39.372558+00:00,1,0,0,15360
2026-09-27T04:46:40.415966+00:00,0,100,12785,15360
2026-09-27T04:46:40.415966+00:00,1,0,0,15360
2026-09-27T04:46:41.458426+00:00,0,100,12785,15360
2026-09-27T04:46:41.458426+00:00,1,0,0,15360
2026-09-27T04:46:42.500755+00:00,0,100,12785,15360
2026-09-27T04:46:42.500755+00:00,1,0,0,15360
2026-09-27T04:46:43.555493+00:00,0,100,12785,15360
2026-09-27T04:46:43.555493+00:00,1,0,0,15360
2026-09-27T04:46:44.599279+00:00,0,100,12785,15360
2026-09-27T04:46:44.599279+00:00,1,0,0,15360
2026-09-27T04:46:45.644325+00:00,0,100,12785,15360
2026-09-27T04:46:45.644325+00:00,1,0,0,15360
2026-09-27T04:46:46.687597+00:00,0,100,12785,15360
2026-09-27T04:46:46.687597+00:00,1,0,0,15360
2026-09-27T04:46:47.735939+00:00,0,100,12785,15360
2026-09-27T04:46:47.735939+00:00,1,0,0,15360
2026-09-27T04:46:48.777825+00:00,0,100,12785,15360
2026-09-27T04:46:48.777825+00:00,1,0,0,15360
2026-09-27T04:46:49.824995+00:00,0,100,12785,15360
2026-09-27T04:46:49.824995+00:00,1,0,0,15360
2026-09-27T04:46:50.866579+00:00,0,100,12785,15360
2026-09-27T04:46:50.866579+00:00,1,0,0,15360
2026-09-27T04:46:51.908670+00:00,0,100,12785,15360
2026-09-27T04:46:51.908670+00:00,1,0,0,15360
2026-09-27T04:46:52.953627+00:00,0,100,12785,15360
2026-09-27T04:46:52.953627+00:00,1,0,0,15360
2026-09-27T04:46:53.995194+00:00,0,100,12785,15360
2026-09-27T04:46:53.995194+00:00,1,0,0,15360
2026-09-27T04:46:55.037362+00:00,0,100,12785,15360
2026-09-27T04:46:55.037362+00:00,1,0,0,15360
2026-09-27T04:46:56.080465+00:00,0,100,12785,15360
2026-09-27T04:46:56.080465+00:00,1,0,0,15360
2026-09-27T04:46:57.123221+00:00,0,100,12785,15360
2026-09-27T04:46:57.123221+00:00,1,0,0,15360
2026-09-27T04:46:58.165046+00:00,0,100,12785,15360
2026-09-27T04:46:58.165046+00:00,1,0,0,15360
2026-09-27T04:46:59.210411+00:00,0,100,12785,15360
2026-09-27T04:46:59.210411+00:00,1,0,0,15360
2026-09-27T04:47:00.252197+00:00,0,100,12785,15360
2026-09-27T04:47:00.252197+00:00,1,0,0,15360
2026-09-27T04:47:01.296654+00:00,0,100,12785,15360
2026-09-27T04:47:01.296654+00:00,1,0,0,15360
2026-09-27T04:47:02.338919+00:00,0,100,12785,15360
2026-09-27T04:47:02.338919+00:00,1,0,0,15360
2026-09-27T04:47:03.387814+00:00,0,100,12785,15360
2026-09-27T04:47:03.387814+00:00,1,0,0,15360
2026-09-27T04:47:04.430604+00:00,0,100,12785,15360
2026-09-27T04:47:04.430604+00:00,1,0,0,15360
2026-09-27T04:47:05.473551+00:00,0,100,12785,15360
2026-09-27T04:47:05.473551+00:00,1,0,0,15360
2026-09-27T04:47:06.516205+00:00,0,100,12785,15360
2026-09-27T04:47:06.516205+00:00,1,0,0,15360
2026-09-27T04:47:07.558526+00:00,0,100,12785,15360
2026-09-27T04:47:07.558526+00:00,1,0,0,15360
2026-09-27T04:47:08.600847+00:00,0,100,12785,15360
2026-09-27T04:47:08.600847+00:00,1,0,0,15360
2026-09-27T04:47:09.644040+00:00,0,100,12785,15360
2026-09-27T04:47:09.644040+00:00,1,0,0,15360
2026-09-27T04:47:10.685609+00:00,0,100,12785,15360
2026-09-27T04:47:10.685609+00:00,1,0,0,15360
2026-09-27T04:47:11.733660+00:00,0,100,12785,15360
2026-09-27T04:47:11.733660+00:00,1,0,0,15360
2026-09-27T04:47:12.776267+00:00,0,100,12785,15360
2026-09-27T04:47:12.776267+00:00,1,0,0,15360
2026-09-27T04:47:13.820299+00:00,0,100,12785,15360
2026-09-27T04:47:13.820299+00:00,1,0,0,15360
2026-09-27T04:47:14.862476+00:00,0,100,12785,15360
2026-09-27T04:47:14.862476+00:00,1,0,0,15360
2026-09-27T04:47:15.903567+00:00,0,100,12785,15360
2026-09-27T04:47:15.903567+00:00,1,0,0,15360
2026-09-27T04:47:16.945352+00:00,0,100,12785,15360
2026-09-27T04:47:16.945352+00:00,1,0,0,15360
2026-09-27T04:47:17.987681+00:00,0,100,12785,15360
2026-09-27T04:47:17.987681+00:00,1,0,0,15360
2026-09-27T04:47:19.030683+00:00,0,100,12785,15360
2026-09-27T04:47:19.030683+00:00,1,0,0,15360
2026-09-27T04:47:20.073368+00:00,0,100,12785,15360
2026-09-27T04:47:20.073368+00:00,1,0,0,15360
2026-09-27T04:47:21.115755+00:00,0,100,12785,15360
2026-09-27T04:47:21.115755+00:00,1,0,0,15360
2026-09-27T04:47:22.158905+00:00,0,100,12785,15360
2026-09-27T04:47:22.158905+00:00,1,0,0,15360
2026-09-27T04:47:23.205731+00:00,0,100,12785,15360
2026-09-27T04:47:23.205731+00:00,1,0,0,15360
2026-09-27T04:47:24.250656+00:00,0,100,12785,15360
2026-09-27T04:47:24.250656+00:00,1,0,0,15360
2026-09-27T04:47:25.295916+00:00,0,100,12785,15360
2026-09-27T04:47:25.295916+00:00,1,0,0,15360
2026-09-27T04:47:26.341914+00:00,0,100,12785,15360
2026-09-27T04:47:26.341914+00:00,1,0,0,15360
2026-09-27T04:47:27.386508+00:00,0,100,12785,15360
2026-09-27T04:47:27.386508+00:00,1,0,0,15360
2026-09-27T04:47:28.429463+00:00,0,100,12785,15360
2026-09-27T04:47:28.429463+00:00,1,0,0,15360
2026-09-27T04:47:29.477966+00:00,0,100,12785,15360
2026-09-27T04:47:29.477966+00:00,1,0,0,15360
2026-09-27T04:47:30.520356+00:00,0,100,12785,15360
2026-09-27T04:47:30.520356+00:00,1,0,0,15360
2026-09-27T04:47:31.562549+00:00,0,100,12785,15360
2026-09-27T04:47:31.562549+00:00,1,0,0,15360
2026-09-27T04:47:32.604150+00:00,0,100,12785,15360
2026-09-27T04:47:32.604150+00:00,1,0,0,15360
2026-09-27T04:47:33.645176+00:00,0,100,12785,15360
2026-09-27T04:47:33.645176+00:00,1,0,0,15360
2026-09-27T04:47:34.688761+00:00,0,100,12785,15360
2026-09-27T04:47:34.688761+00:00,1,0,0,15360
2026-09-27T04:47:35.731468+00:00,0,100,12785,15360
2026-09-27T04:47:35.731468+00:00,1,0,0,15360
2026-09-27T04:47:36.774834+00:00,0,100,12785,15360
2026-09-27T04:47:36.774834+00:00,1,0,0,15360
2026-09-27T04:47:37.818035+00:00,0,100,12785,15360
2026-09-27T04:47:37.818035+00:00,1,0,0,15360
2026-09-27T04:47:38.862951+00:00,0,100,12785,15360
2026-09-27T04:47:38.862951+00:00,1,0,0,15360
2026-09-27T04:47:39.908172+00:00,0,100,12785,15360
2026-09-27T04:47:39.908172+00:00,1,0,0,15360
2026-09-27T04:47:40.950242+00:00,0,100,12785,15360
2026-09-27T04:47:40.950242+00:00,1,0,0,15360
2026-09-27T04:47:41.994079+00:00,0,100,12785,15360
2026-09-27T04:47:41.994079+00:00,1,0,0,15360
2026-09-27T04:47:43.035860+00:00,0,100,12785,15360
2026-09-27T04:47:43.035860+00:00,1,0,0,15360
2026-09-27T04:47:44.082279+00:00,0,100,12785,15360
2026-09-27T04:47:44.082279+00:00,1,0,0,15360
2026-09-27T04:47:45.124876+00:00,0,100,12785,15360
2026-09-27T04:47:45.124876+00:00,1,0,0,15360
2026-09-27T04:47:46.167034+00:00,0,100,12785,15360
2026-09-27T04:47:46.167034+00:00,1,0,0,15360
2026-09-27T04:47:47.211991+00:00,0,100,12785,15360
2026-09-27T04:47:47.211991+00:00,1,0,0,15360
2026-09-27T04:47:48.254888+00:00,0,100,12785,15360
2026-09-27T04:47:48.254888+00:00,1,0,0,15360
2026-09-27T04:47:49.299677+00:00,0,100,12785,15360
2026-09-27T04:47:49.299677+00:00,1,0,0,15360
2026-09-27T04:47:50.345383+00:00,0,100,12785,15360
2026-09-27T04:47:50.345383+00:00,1,0,0,15360
2026-09-27T04:47:51.389284+00:00,0,100,12785,15360
2026-09-27T04:47:51.389284+00:00,1,0,0,15360
2026-09-27T04:47:52.433343+00:00,0,100,12785,15360
2026-09-27T04:47:52.433343+00:00,1,0,0,15360
2026-09-27T04:47:53.478299+00:00,0,100,12785,15360
2026-09-27T04:47:53.478299+00:00,1,0,0,15360
2026-09-27T04:47:54.522430+00:00,0,100,12785,15360
2026-09-27T04:47:54.522430+00:00,1,0,0,15360
2026-09-27T04:47:55.566264+00:00,0,100,12785,15360
2026-09-27T04:47:55.566264+00:00,1,0,0,15360
2026-09-27T04:47:56.611138+00:00,0,100,12785,15360
2026-09-27T04:47:56.611138+00:00,1,0,0,15360
2026-09-27T04:47:57.657767+00:00,0,100,12785,15360
2026-09-27T04:47:57.657767+00:00,1,0,0,15360
2026-09-27T04:47:58.704874+00:00,0,100,12785,15360
2026-09-27T04:47:58.704874+00:00,1,0,0,15360
2026-09-27T04:47:59.747734+00:00,0,100,12785,15360
2026-09-27T04:47:59.747734+00:00,1,0,0,15360
2026-09-27T04:48:00.793861+00:00,0,100,12785,15360
2026-09-27T04:48:00.793861+00:00,1,0,0,15360
2026-09-27T04:48:01.840591+00:00,0,100,12785,15360
2026-09-27T04:48:01.840591+00:00,1,0,0,15360
2026-09-27T04:48:02.881678+00:00,0,0,12785,15360
2026-09-27T04:48:02.881678+00:00,1,0,0,15360
2026-09-27T04:48:03.920910+00:00,0,0,12785,15360
2026-09-27T04:48:03.920910+00:00,1,0,0,15360
2026-09-27T04:48:04.961736+00:00,0,0,12785,15360
2026-09-27T04:48:04.961736+00:00,1,0,0,15360
2026-09-27T04:48:06.003675+00:00,0,0,12785,15360
2026-09-27T04:48:06.003675+00:00,1,0,0,15360
2026-09-27T04:48:07.044476+00:00,0,0,12785,15360
2026-09-27T04:48:07.044476+00:00,1,0,0,15360
2026-09-27T04:48:08.085294+00:00,0,0,12785,15360
2026-09-27T04:48:08.085294+00:00,1,0,0,15360
2026-09-27T04:48:09.126534+00:00,0,0,12785,15360
2026-09-27T04:48:09.126534+00:00,1,0,0,15360
2026-09-27T04:48:10.167420+00:00,0,0,12785,15360
2026-09-27T04:48:10.167420+00:00,1,0,0,15360
2026-09-27T04:48:11.208141+00:00,0,0,12785,15360
2026-09-27T04:48:11.208141+00:00,1,0,0,15360
2026-09-27T04:48:12.248462+00:00,0,0,12785,15360
2026-09-27T04:48:12.248462+00:00,1,0,0,15360
2026-09-27T04:48:13.289011+00:00,0,0,12785,15360
2026-09-27T04:48:13.289011+00:00,1,0,0,15360
2026-09-27T04:48:14.330089+00:00,0,0,12785,15360
2026-09-27T04:48:14.330089+00:00,1,0,0,15360
2026-09-27T04:48:15.371197+00:00,0,0,12785,15360
2026-09-27T04:48:15.371197+00:00,1,0,0,15360
2026-09-27T04:48:16.411973+00:00,0,0,12785,15360
2026-09-27T04:48:16.411973+00:00,1,0,0,15360
2026-09-27T04:48:17.452878+00:00,0,0,12785,15360
2026-09-27T04:48:17.452878+00:00,1,0,0,15360
2026-09-27T04:48:18.532495+00:00,0,0,12785,15360
2026-09-27T04:48:18.532495+00:00,1,0,0,15360
2026-09-27T04:48:19.573343+00:00,0,0,12785,15360
2026-09-27T04:48:19.573343+00:00,1,0,0,15360
2026-09-27T04:48:20.613994+00:00,0,0,12785,15360
2026-09-27T04:48:20.613994+00:00,1,0,0,15360
2026-09-27T04:48:21.654928+00:00,0,0,12785,15360
2026-09-27T04:48:21.654928+00:00,1,0,0,15360
2026-09-27T04:48:22.696005+00:00,0,0,12785,15360
2026-09-27T04:48:22.696005+00:00,1,0,0,15360
2026-09-27T04:48:23.737373+00:00,0,0,12785,15360
2026-09-27T04:48:23.737373+00:00,1,0,0,15360
2026-09-27T04:48:24.778513+00:00,0,0,12785,15360
2026-09-27T04:48:24.778513+00:00,1,0,0,15360
2026-09-27T04:48:25.820245+00:00,0,0,12785,15360
2026-09-27T04:48:25.820245+00:00,1,0,0,15360
2026-09-27T04:48:26.861298+00:00,0,0,12785,15360
2026-09-27T04:48:26.861298+00:00,1,0,0,15360
2026-09-27T04:48:27.902783+00:00,0,0,12785,15360
2026-09-27T04:48:27.902783+00:00,1,0,0,15360
2026-09-27T04:48:28.943803+00:00,0,0,12785,15360
2026-09-27T04:48:28.943803+00:00,1,0,0,15360
2026-09-27T04:48:29.985935+00:00,0,0,12785,15360
2026-09-27T04:48:29.985935+00:00,1,0,0,15360
2026-09-27T04:48:31.029364+00:00,0,100,12785,15360
2026-09-27T04:48:31.029364+00:00,1,0,0,15360
2026-09-27T04:48:32.072089+00:00,0,100,12785,15360
2026-09-27T04:48:32.072089+00:00,1,0,0,15360
2026-09-27T04:48:33.117054+00:00,0,100,12785,15360
2026-09-27T04:48:33.117054+00:00,1,0,0,15360
2026-09-27T04:48:34.160206+00:00,0,100,12785,15360
2026-09-27T04:48:34.160206+00:00,1,0,0,15360
2026-09-27T04:48:35.203387+00:00,0,100,12785,15360
2026-09-27T04:48:35.203387+00:00,1,0,0,15360
2026-09-27T04:48:36.245133+00:00,0,100,12785,15360
2026-09-27T04:48:36.245133+00:00,1,0,0,15360
2026-09-27T04:48:37.286947+00:00,0,100,12785,15360
2026-09-27T04:48:37.286947+00:00,1,0,0,15360
2026-09-27T04:48:38.330426+00:00,0,100,12785,15360
2026-09-27T04:48:38.330426+00:00,1,0,0,15360
2026-09-27T04:48:39.372436+00:00,0,100,12785,15360
2026-09-27T04:48:39.372436+00:00,1,0,0,15360
2026-09-27T04:48:40.417013+00:00,0,100,12785,15360
2026-09-27T04:48:40.417013+00:00,1,0,0,15360
2026-09-27T04:48:41.460514+00:00,0,100,12785,15360
2026-09-27T04:48:41.460514+00:00,1,0,0,15360
2026-09-27T04:48:42.502822+00:00,0,100,12785,15360
2026-09-27T04:48:42.502822+00:00,1,0,0,15360
2026-09-27T04:48:43.545659+00:00,0,100,12785,15360
2026-09-27T04:48:43.545659+00:00,1,0,0,15360
2026-09-27T04:48:44.588758+00:00,0,100,12785,15360
2026-09-27T04:48:44.588758+00:00,1,0,0,15360
2026-09-27T04:48:45.629977+00:00,0,100,12785,15360
2026-09-27T04:48:45.629977+00:00,1,0,0,15360
2026-09-27T04:48:46.672112+00:00,0,100,12785,15360
2026-09-27T04:48:46.672112+00:00,1,0,0,15360
2026-09-27T04:48:47.712861+00:00,0,100,12785,15360
2026-09-27T04:48:47.712861+00:00,1,0,0,15360
2026-09-27T04:48:48.756377+00:00,0,100,12785,15360
2026-09-27T04:48:48.756377+00:00,1,0,0,15360
2026-09-27T04:48:49.804552+00:00,0,100,12785,15360
2026-09-27T04:48:49.804552+00:00,1,0,0,15360
2026-09-27T04:48:50.845916+00:00,0,100,12785,15360
2026-09-27T04:48:50.845916+00:00,1,0,0,15360
2026-09-27T04:48:51.890529+00:00,0,100,12785,15360
2026-09-27T04:48:51.890529+00:00,1,0,0,15360
2026-09-27T04:48:52.932238+00:00,0,100,12785,15360
2026-09-27T04:48:52.932238+00:00,1,0,0,15360
2026-09-27T04:48:53.974926+00:00,0,100,12785,15360
2026-09-27T04:48:53.974926+00:00,1,0,0,15360
2026-09-27T04:48:55.015589+00:00,0,100,12785,15360
2026-09-27T04:48:55.015589+00:00,1,0,0,15360
2026-09-27T04:48:56.059206+00:00,0,100,12785,15360
2026-09-27T04:48:56.059206+00:00,1,0,0,15360
2026-09-27T04:48:57.103200+00:00,0,100,12785,15360
2026-09-27T04:48:57.103200+00:00,1,0,0,15360
2026-09-27T04:48:58.146643+00:00,0,100,12785,15360
2026-09-27T04:48:58.146643+00:00,1,0,0,15360
2026-09-27T04:48:59.189678+00:00,0,100,12785,15360
2026-09-27T04:48:59.189678+00:00,1,0,0,15360
2026-09-27T04:49:00.231878+00:00,0,100,12785,15360
2026-09-27T04:49:00.231878+00:00,1,0,0,15360
2026-09-27T04:49:01.277630+00:00,0,100,12785,15360
2026-09-27T04:49:01.277630+00:00,1,0,0,15360
2026-09-27T04:49:02.322292+00:00,0,100,12785,15360
2026-09-27T04:49:02.322292+00:00,1,0,0,15360
2026-09-27T04:49:03.364255+00:00,0,100,12785,15360
2026-09-27T04:49:03.364255+00:00,1,0,0,15360
2026-09-27T04:49:04.408301+00:00,0,100,12785,15360
2026-09-27T04:49:04.408301+00:00,1,0,0,15360
2026-09-27T04:49:05.449690+00:00,0,100,12785,15360
2026-09-27T04:49:05.449690+00:00,1,0,0,15360
2026-09-27T04:49:06.492080+00:00,0,100,12785,15360
2026-09-27T04:49:06.492080+00:00,1,0,0,15360
2026-09-27T04:49:07.534666+00:00,0,100,12785,15360
2026-09-27T04:49:07.534666+00:00,1,0,0,15360
2026-09-27T04:49:08.577224+00:00,0,100,12785,15360
2026-09-27T04:49:08.577224+00:00,1,0,0,15360
2026-09-27T04:49:09.621187+00:00,0,100,12785,15360
2026-09-27T04:49:09.621187+00:00,1,0,0,15360
2026-09-27T04:49:10.665788+00:00,0,100,12785,15360
2026-09-27T04:49:10.665788+00:00,1,0,0,15360
2026-09-27T04:49:11.707436+00:00,0,100,12785,15360
2026-09-27T04:49:11.707436+00:00,1,0,0,15360
2026-09-27T04:49:12.749126+00:00,0,100,12785,15360
2026-09-27T04:49:12.749126+00:00,1,0,0,15360
2026-09-27T04:49:13.791486+00:00,0,100,12785,15360
2026-09-27T04:49:13.791486+00:00,1,0,0,15360
2026-09-27T04:49:14.834348+00:00,0,100,12785,15360
2026-09-27T04:49:14.834348+00:00,1,0,0,15360
2026-09-27T04:49:15.878549+00:00,0,100,12785,15360
2026-09-27T04:49:15.878549+00:00,1,0,0,15360
2026-09-27T04:49:16.923355+00:00,0,100,12785,15360
2026-09-27T04:49:16.923355+00:00,1,0,0,15360
2026-09-27T04:49:17.964493+00:00,0,100,12785,15360
2026-09-27T04:49:17.964493+00:00,1,0,0,15360
2026-09-27T04:49:19.006982+00:00,0,100,12785,15360
2026-09-27T04:49:19.006982+00:00,1,0,0,15360
2026-09-27T04:49:20.049696+00:00,0,100,12785,15360
2026-09-27T04:49:20.049696+00:00,1,0,0,15360
2026-09-27T04:49:21.091083+00:00,0,100,12785,15360
2026-09-27T04:49:21.091083+00:00,1,0,0,15360
2026-09-27T04:49:22.132891+00:00,0,100,12785,15360
2026-09-27T04:49:22.132891+00:00,1,0,0,15360
2026-09-27T04:49:23.174363+00:00,0,100,12785,15360
2026-09-27T04:49:23.174363+00:00,1,0,0,15360
2026-09-27T04:49:24.218216+00:00,0,100,12785,15360
2026-09-27T04:49:24.218216+00:00,1,0,0,15360
2026-09-27T04:49:25.259538+00:00,0,100,12785,15360
2026-09-27T04:49:25.259538+00:00,1,0,0,15360
2026-09-27T04:49:26.302561+00:00,0,100,12785,15360
2026-09-27T04:49:26.302561+00:00,1,0,0,15360
2026-09-27T04:49:27.343446+00:00,0,100,12785,15360
2026-09-27T04:49:27.343446+00:00,1,0,0,15360
2026-09-27T04:49:28.385561+00:00,0,100,12785,15360
2026-09-27T04:49:28.385561+00:00,1,0,0,15360
2026-09-27T04:49:29.426908+00:00,0,100,12785,15360
2026-09-27T04:49:29.426908+00:00,1,0,0,15360
2026-09-27T04:49:30.468869+00:00,0,100,12785,15360
2026-09-27T04:49:30.468869+00:00,1,0,0,15360
2026-09-27T04:49:31.510760+00:00,0,100,12785,15360
2026-09-27T04:49:31.510760+00:00,1,0,0,15360
2026-09-27T04:49:32.554782+00:00,0,100,12785,15360
2026-09-27T04:49:32.554782+00:00,1,0,0,15360
2026-09-27T04:49:33.598414+00:00,0,100,12785,15360
2026-09-27T04:49:33.598414+00:00,1,0,0,15360
2026-09-27T04:49:34.643360+00:00,0,100,12785,15360
2026-09-27T04:49:34.643360+00:00,1,0,0,15360
2026-09-27T04:49:35.686333+00:00,0,100,12785,15360
2026-09-27T04:49:35.686333+00:00,1,0,0,15360
2026-09-27T04:49:36.729943+00:00,0,100,12785,15360
2026-09-27T04:49:36.729943+00:00,1,0,0,15360
2026-09-27T04:49:37.775003+00:00,0,100,12785,15360
2026-09-27T04:49:37.775003+00:00,1,0,0,15360
2026-09-27T04:49:38.819473+00:00,0,100,12785,15360
2026-09-27T04:49:38.819473+00:00,1,0,0,15360
2026-09-27T04:49:39.866475+00:00,0,100,12785,15360
2026-09-27T04:49:39.866475+00:00,1,0,0,15360
2026-09-27T04:49:40.909448+00:00,0,100,12785,15360
2026-09-27T04:49:40.909448+00:00,1,0,0,15360
2026-09-27T04:49:41.953067+00:00,0,100,12785,15360
2026-09-27T04:49:41.953067+00:00,1,0,0,15360
2026-09-27T04:49:42.995288+00:00,0,100,12785,15360
2026-09-27T04:49:42.995288+00:00,1,0,0,15360
2026-09-27T04:49:44.039918+00:00,0,100,12785,15360
2026-09-27T04:49:44.039918+00:00,1,0,0,15360
2026-09-27T04:49:45.083644+00:00,0,100,12785,15360
2026-09-27T04:49:45.083644+00:00,1,0,0,15360
2026-09-27T04:49:46.125790+00:00,0,100,12785,15360
2026-09-27T04:49:46.125790+00:00,1,0,0,15360
2026-09-27T04:49:47.169133+00:00,0,100,12785,15360
2026-09-27T04:49:47.169133+00:00,1,0,0,15360
2026-09-27T04:49:48.213899+00:00,0,100,12785,15360
2026-09-27T04:49:48.213899+00:00,1,0,0,15360
2026-09-27T04:49:49.256026+00:00,0,100,12785,15360
2026-09-27T04:49:49.256026+00:00,1,0,0,15360
2026-09-27T04:49:50.299358+00:00,0,100,12785,15360
2026-09-27T04:49:50.299358+00:00,1,0,0,15360
2026-09-27T04:49:51.342361+00:00,0,100,12785,15360
2026-09-27T04:49:51.342361+00:00,1,0,0,15360
2026-09-27T04:49:52.384899+00:00,0,100,12785,15360
2026-09-27T04:49:52.384899+00:00,1,0,0,15360
2026-09-27T04:49:53.427134+00:00,0,100,12785,15360
2026-09-27T04:49:53.427134+00:00,1,0,0,15360
2026-09-27T04:49:54.473469+00:00,0,100,12785,15360
2026-09-27T04:49:54.473469+00:00,1,0,0,15360
2026-09-27T04:49:55.518476+00:00,0,100,12785,15360
2026-09-27T04:49:55.518476+00:00,1,0,0,15360
2026-09-27T04:49:56.560643+00:00,0,100,12785,15360
2026-09-27T04:49:56.560643+00:00,1,0,0,15360
2026-09-27T04:49:57.604486+00:00,0,100,12785,15360
2026-09-27T04:49:57.604486+00:00,1,0,0,15360
2026-09-27T04:49:58.646496+00:00,0,100,12785,15360
2026-09-27T04:49:58.646496+00:00,1,0,0,15360
2026-09-27T04:49:59.691250+00:00,0,100,12785,15360
2026-09-27T04:49:59.691250+00:00,1,0,0,15360
2026-09-27T04:50:00.736195+00:00,0,100,12785,15360
2026-09-27T04:50:00.736195+00:00,1,0,0,15360
2026-09-27T04:50:01.781677+00:00,0,100,12785,15360
2026-09-27T04:50:01.781677+00:00,1,0,0,15360
2026-09-27T04:50:02.825374+00:00,0,100,12785,15360
2026-09-27T04:50:02.825374+00:00,1,0,0,15360
2026-09-27T04:50:03.868645+00:00,0,100,12785,15360
2026-09-27T04:50:03.868645+00:00,1,0,0,15360
2026-09-27T04:50:04.912157+00:00,0,100,12785,15360
2026-09-27T04:50:04.912157+00:00,1,0,0,15360
2026-09-27T04:50:05.957281+00:00,0,100,12785,15360
2026-09-27T04:50:05.957281+00:00,1,0,0,15360
2026-09-27T04:50:07.001519+00:00,0,100,12785,15360
2026-09-27T04:50:07.001519+00:00,1,0,0,15360
2026-09-27T04:50:08.045193+00:00,0,100,12785,15360
2026-09-27T04:50:08.045193+00:00,1,0,0,15360
2026-09-27T04:50:09.089938+00:00,0,100,12785,15360
2026-09-27T04:50:09.089938+00:00,1,0,0,15360
2026-09-27T04:50:10.134980+00:00,0,100,12785,15360
2026-09-27T04:50:10.134980+00:00,1,0,0,15360
2026-09-27T04:50:11.180650+00:00,0,100,12785,15360
2026-09-27T04:50:11.180650+00:00,1,0,0,15360
2026-09-27T04:50:12.224772+00:00,0,100,12785,15360
2026-09-27T04:50:12.224772+00:00,1,0,0,15360
2026-09-27T04:50:13.269692+00:00,0,100,12785,15360
2026-09-27T04:50:13.269692+00:00,1,0,0,15360
2026-09-27T04:50:14.314071+00:00,0,100,12785,15360
2026-09-27T04:50:14.314071+00:00,1,0,0,15360
2026-09-27T04:50:15.353588+00:00,0,0,12785,15360
2026-09-27T04:50:15.353588+00:00,1,0,0,15360
2026-09-27T04:50:16.393382+00:00,0,0,12785,15360
2026-09-27T04:50:16.393382+00:00,1,0,0,15360
2026-09-27T04:50:17.433844+00:00,0,0,12785,15360
2026-09-27T04:50:17.433844+00:00,1,0,0,15360
2026-09-27T04:50:18.475016+00:00,0,0,12785,15360
2026-09-27T04:50:18.475016+00:00,1,0,0,15360
2026-09-27T04:50:19.520869+00:00,0,0,12785,15360
2026-09-27T04:50:19.520869+00:00,1,0,0,15360
2026-09-27T04:50:20.562682+00:00,0,0,12785,15360
2026-09-27T04:50:20.562682+00:00,1,0,0,15360
2026-09-27T04:50:21.604046+00:00,0,0,12785,15360
2026-09-27T04:50:21.604046+00:00,1,0,0,15360
2026-09-27T04:50:22.644833+00:00,0,0,12785,15360
2026-09-27T04:50:22.644833+00:00,1,0,0,15360
2026-09-27T04:50:23.685833+00:00,0,0,12785,15360
2026-09-27T04:50:23.685833+00:00,1,0,0,15360
2026-09-27T04:50:24.726023+00:00,0,0,12785,15360
2026-09-27T04:50:24.726023+00:00,1,0,0,15360
2026-09-27T04:50:25.766363+00:00,0,0,12785,15360
2026-09-27T04:50:25.766363+00:00,1,0,0,15360
2026-09-27T04:50:26.808068+00:00,0,0,12785,15360
2026-09-27T04:50:26.808068+00:00,1,0,0,15360
2026-09-27T04:50:27.849084+00:00,0,0,12785,15360
2026-09-27T04:50:27.849084+00:00,1,0,0,15360
2026-09-27T04:50:28.889997+00:00,0,0,12785,15360
2026-09-27T04:50:28.889997+00:00,1,0,0,15360
2026-09-27T04:50:29.931661+00:00,0,0,12785,15360
2026-09-27T04:50:29.931661+00:00,1,0,0,15360
2026-09-27T04:50:30.973342+00:00,0,0,12785,15360
2026-09-27T04:50:30.973342+00:00,1,0,0,15360
2026-09-27T04:50:32.014662+00:00,0,0,12785,15360
2026-09-27T04:50:32.014662+00:00,1,0,0,15360
2026-09-27T04:50:33.056965+00:00,0,0,12785,15360
2026-09-27T04:50:33.056965+00:00,1,0,0,15360
2026-09-27T04:50:34.098689+00:00,0,0,12785,15360
2026-09-27T04:50:34.098689+00:00,1,0,0,15360
2026-09-27T04:50:35.139614+00:00,0,0,12785,15360
2026-09-27T04:50:35.139614+00:00,1,0,0,15360
2026-09-27T04:50:36.180221+00:00,0,0,12785,15360
2026-09-27T04:50:36.180221+00:00,1,0,0,15360
2026-09-27T04:50:37.221307+00:00,0,0,12785,15360
2026-09-27T04:50:37.221307+00:00,1,0,0,15360
2026-09-27T04:50:38.262526+00:00,0,0,12785,15360
2026-09-27T04:50:38.262526+00:00,1,0,0,15360
2026-09-27T04:50:39.304932+00:00,0,0,12785,15360
2026-09-27T04:50:39.304932+00:00,1,0,0,15360
2026-09-27T04:50:40.345915+00:00,0,0,12785,15360
2026-09-27T04:50:40.345915+00:00,1,0,0,15360
2026-09-27T04:50:41.386667+00:00,0,0,12785,15360
2026-09-27T04:50:41.386667+00:00,1,0,0,15360
2026-09-27T04:50:42.430275+00:00,0,0,12785,15360
2026-09-27T04:50:42.430275+00:00,1,0,0,15360
2026-09-27T04:50:43.478071+00:00,0,100,12785,15360
2026-09-27T04:50:43.478071+00:00,1,0,0,15360
2026-09-27T04:50:44.520176+00:00,0,100,12785,15360
2026-09-27T04:50:44.520176+00:00,1,0,0,15360
2026-09-27T04:50:45.563075+00:00,0,100,12785,15360
2026-09-27T04:50:45.563075+00:00,1,0,0,15360
2026-09-27T04:50:46.605610+00:00,0,100,12785,15360
2026-09-27T04:50:46.605610+00:00,1,0,0,15360
2026-09-27T04:50:47.647967+00:00,0,100,12785,15360
2026-09-27T04:50:47.647967+00:00,1,0,0,15360
2026-09-27T04:50:48.689877+00:00,0,100,12785,15360
2026-09-27T04:50:48.689877+00:00,1,0,0,15360
2026-09-27T04:50:49.734097+00:00,0,100,12785,15360
2026-09-27T04:50:49.734097+00:00,1,0,0,15360
2026-09-27T04:50:50.779307+00:00,0,100,12785,15360
2026-09-27T04:50:50.779307+00:00,1,0,0,15360
2026-09-27T04:50:51.822120+00:00,0,100,12785,15360
2026-09-27T04:50:51.822120+00:00,1,0,0,15360
2026-09-27T04:50:52.866053+00:00,0,100,12785,15360
2026-09-27T04:50:52.866053+00:00,1,0,0,15360
2026-09-27T04:50:53.911250+00:00,0,100,12785,15360
2026-09-27T04:50:53.911250+00:00,1,0,0,15360
2026-09-27T04:50:54.953512+00:00,0,100,12785,15360
2026-09-27T04:50:54.953512+00:00,1,0,0,15360
2026-09-27T04:50:55.997498+00:00,0,100,12785,15360
2026-09-27T04:50:55.997498+00:00,1,0,0,15360
2026-09-27T04:50:57.039337+00:00,0,100,12785,15360
2026-09-27T04:50:57.039337+00:00,1,0,0,15360
2026-09-27T04:50:58.082263+00:00,0,100,12785,15360
2026-09-27T04:50:58.082263+00:00,1,0,0,15360
2026-09-27T04:50:59.124396+00:00,0,100,12785,15360
2026-09-27T04:50:59.124396+00:00,1,0,0,15360
2026-09-27T04:51:00.169278+00:00,0,100,12785,15360
2026-09-27T04:51:00.169278+00:00,1,0,0,15360
2026-09-27T04:51:01.210476+00:00,0,100,12785,15360
2026-09-27T04:51:01.210476+00:00,1,0,0,15360
2026-09-27T04:51:02.251358+00:00,0,100,12785,15360
2026-09-27T04:51:02.251358+00:00,1,0,0,15360
2026-09-27T04:51:03.294925+00:00,0,100,12785,15360
2026-09-27T04:51:03.294925+00:00,1,0,0,15360
2026-09-27T04:51:04.339146+00:00,0,100,12785,15360
2026-09-27T04:51:04.339146+00:00,1,0,0,15360
2026-09-27T04:51:05.380922+00:00,0,100,12785,15360
2026-09-27T04:51:05.380922+00:00,1,0,0,15360
2026-09-27T04:51:06.423791+00:00,0,100,12785,15360
2026-09-27T04:51:06.423791+00:00,1,0,0,15360
2026-09-27T04:51:07.467436+00:00,0,100,12785,15360
2026-09-27T04:51:07.467436+00:00,1,0,0,15360
2026-09-27T04:51:08.509397+00:00,0,100,12785,15360
2026-09-27T04:51:08.509397+00:00,1,0,0,15360
2026-09-27T04:51:09.551391+00:00,0,100,12785,15360
2026-09-27T04:51:09.551391+00:00,1,0,0,15360
2026-09-27T04:51:10.592555+00:00,0,100,12785,15360
2026-09-27T04:51:10.592555+00:00,1,0,0,15360
2026-09-27T04:51:11.635149+00:00,0,100,12785,15360
2026-09-27T04:51:11.635149+00:00,1,0,0,15360
2026-09-27T04:51:12.677681+00:00,0,100,12785,15360
2026-09-27T04:51:12.677681+00:00,1,0,0,15360
2026-09-27T04:51:13.720280+00:00,0,100,12785,15360
2026-09-27T04:51:13.720280+00:00,1,0,0,15360
2026-09-27T04:51:14.766288+00:00,0,100,12785,15360
2026-09-27T04:51:14.766288+00:00,1,0,0,15360
2026-09-27T04:51:15.812605+00:00,0,100,12785,15360
2026-09-27T04:51:15.812605+00:00,1,0,0,15360
2026-09-27T04:51:16.855075+00:00,0,100,12785,15360
2026-09-27T04:51:16.855075+00:00,1,0,0,15360
2026-09-27T04:51:17.898557+00:00,0,100,12785,15360
2026-09-27T04:51:17.898557+00:00,1,0,0,15360
2026-09-27T04:51:18.943514+00:00,0,100,12785,15360
2026-09-27T04:51:18.943514+00:00,1,0,0,15360
2026-09-27T04:51:19.988279+00:00,0,100,12785,15360
2026-09-27T04:51:19.988279+00:00,1,0,0,15360
2026-09-27T04:51:21.029293+00:00,0,100,12785,15360
2026-09-27T04:51:21.029293+00:00,1,0,0,15360
2026-09-27T04:51:22.073618+00:00,0,100,12785,15360
2026-09-27T04:51:22.073618+00:00,1,0,0,15360
2026-09-27T04:51:23.116326+00:00,0,100,12785,15360
2026-09-27T04:51:23.116326+00:00,1,0,0,15360
2026-09-27T04:51:24.160350+00:00,0,100,12785,15360
2026-09-27T04:51:24.160350+00:00,1,0,0,15360
2026-09-27T04:51:25.205270+00:00,0,100,12785,15360
2026-09-27T04:51:25.205270+00:00,1,0,0,15360
2026-09-27T04:51:26.246722+00:00,0,100,12785,15360
2026-09-27T04:51:26.246722+00:00,1,0,0,15360
2026-09-27T04:51:27.288645+00:00,0,100,12785,15360
2026-09-27T04:51:27.288645+00:00,1,0,0,15360
2026-09-27T04:51:28.331926+00:00,0,100,12785,15360
2026-09-27T04:51:28.331926+00:00,1,0,0,15360
2026-09-27T04:51:29.377187+00:00,0,100,12785,15360
2026-09-27T04:51:29.377187+00:00,1,0,0,15360
2026-09-27T04:51:30.418629+00:00,0,100,12785,15360
2026-09-27T04:51:30.418629+00:00,1,0,0,15360
2026-09-27T04:51:31.460456+00:00,0,100,12785,15360
2026-09-27T04:51:31.460456+00:00,1,0,0,15360
2026-09-27T04:51:32.502260+00:00,0,100,12785,15360
2026-09-27T04:51:32.502260+00:00,1,0,0,15360
2026-09-27T04:51:33.544420+00:00,0,100,12785,15360
2026-09-27T04:51:33.544420+00:00,1,0,0,15360
2026-09-27T04:51:34.585975+00:00,0,100,12785,15360
2026-09-27T04:51:34.585975+00:00,1,0,0,15360
2026-09-27T04:51:35.629638+00:00,0,100,12785,15360
2026-09-27T04:51:35.629638+00:00,1,0,0,15360
2026-09-27T04:51:36.673027+00:00,0,100,12785,15360
2026-09-27T04:51:36.673027+00:00,1,0,0,15360
2026-09-27T04:51:37.718115+00:00,0,100,12785,15360
2026-09-27T04:51:37.718115+00:00,1,0,0,15360
2026-09-27T04:51:38.759087+00:00,0,100,12785,15360
2026-09-27T04:51:38.759087+00:00,1,0,0,15360
2026-09-27T04:51:39.809058+00:00,0,100,12785,15360
2026-09-27T04:51:39.809058+00:00,1,0,0,15360
2026-09-27T04:51:40.855795+00:00,0,100,12785,15360
2026-09-27T04:51:40.855795+00:00,1,0,0,15360
2026-09-27T04:51:41.900285+00:00,0,100,12785,15360
2026-09-27T04:51:41.900285+00:00,1,0,0,15360
2026-09-27T04:51:42.942019+00:00,0,100,12785,15360
2026-09-27T04:51:42.942019+00:00,1,0,0,15360
2026-09-27T04:51:43.987016+00:00,0,100,12785,15360
2026-09-27T04:51:43.987016+00:00,1,0,0,15360
2026-09-27T04:51:45.032641+00:00,0,100,12785,15360
2026-09-27T04:51:45.032641+00:00,1,0,0,15360
2026-09-27T04:51:46.077765+00:00,0,100,12785,15360
2026-09-27T04:51:46.077765+00:00,1,0,0,15360
2026-09-27T04:51:47.122175+00:00,0,100,12785,15360
2026-09-27T04:51:47.122175+00:00,1,0,0,15360
2026-09-27T04:51:48.166719+00:00,0,100,12785,15360
2026-09-27T04:51:48.166719+00:00,1,0,0,15360
2026-09-27T04:51:49.210443+00:00,0,100,12785,15360
2026-09-27T04:51:49.210443+00:00,1,0,0,15360
2026-09-27T04:51:50.252763+00:00,0,100,12785,15360
2026-09-27T04:51:50.252763+00:00,1,0,0,15360
2026-09-27T04:51:51.297695+00:00,0,100,12785,15360
2026-09-27T04:51:51.297695+00:00,1,0,0,15360
2026-09-27T04:51:52.340056+00:00,0,100,12785,15360
2026-09-27T04:51:52.340056+00:00,1,0,0,15360
2026-09-27T04:51:53.381456+00:00,0,100,12785,15360
2026-09-27T04:51:53.381456+00:00,1,0,0,15360
2026-09-27T04:51:54.422535+00:00,0,100,12785,15360
2026-09-27T04:51:54.422535+00:00,1,0,0,15360
2026-09-27T04:51:55.463935+00:00,0,100,12785,15360
2026-09-27T04:51:55.463935+00:00,1,0,0,15360
2026-09-27T04:51:56.506004+00:00,0,100,12785,15360
2026-09-27T04:51:56.506004+00:00,1,0,0,15360
2026-09-27T04:51:57.547044+00:00,0,100,12785,15360
2026-09-27T04:51:57.547044+00:00,1,0,0,15360
2026-09-27T04:51:58.589124+00:00,0,100,12785,15360
2026-09-27T04:51:58.589124+00:00,1,0,0,15360
2026-09-27T04:51:59.630240+00:00,0,100,12785,15360
2026-09-27T04:51:59.630240+00:00,1,0,0,15360
2026-09-27T04:52:00.672806+00:00,0,100,12785,15360
2026-09-27T04:52:00.672806+00:00,1,0,0,15360
2026-09-27T04:52:01.715026+00:00,0,100,12785,15360
2026-09-27T04:52:01.715026+00:00,1,0,0,15360
2026-09-27T04:52:02.762665+00:00,0,100,12785,15360
2026-09-27T04:52:02.762665+00:00,1,0,0,15360
2026-09-27T04:52:03.805185+00:00,0,100,12785,15360
2026-09-27T04:52:03.805185+00:00,1,0,0,15360
2026-09-27T04:52:04.846883+00:00,0,100,12785,15360
2026-09-27T04:52:04.846883+00:00,1,0,0,15360
2026-09-27T04:52:05.891757+00:00,0,100,12785,15360
2026-09-27T04:52:05.891757+00:00,1,0,0,15360
2026-09-27T04:52:06.933677+00:00,0,100,12785,15360
2026-09-27T04:52:06.933677+00:00,1,0,0,15360
2026-09-27T04:52:07.976517+00:00,0,100,12785,15360
2026-09-27T04:52:07.976517+00:00,1,0,0,15360
2026-09-27T04:52:09.019641+00:00,0,100,12785,15360
2026-09-27T04:52:09.019641+00:00,1,0,0,15360
2026-09-27T04:52:10.065199+00:00,0,100,12785,15360
2026-09-27T04:52:10.065199+00:00,1,0,0,15360
2026-09-27T04:52:11.109768+00:00,0,100,12785,15360
2026-09-27T04:52:11.109768+00:00,1,0,0,15360
2026-09-27T04:52:12.153445+00:00,0,100,12785,15360
2026-09-27T04:52:12.153445+00:00,1,0,0,15360
2026-09-27T04:52:13.197245+00:00,0,100,12785,15360
2026-09-27T04:52:13.197245+00:00,1,0,0,15360
2026-09-27T04:52:14.244201+00:00,0,100,12785,15360
2026-09-27T04:52:14.244201+00:00,1,0,0,15360
2026-09-27T04:52:15.288908+00:00,0,100,12785,15360
2026-09-27T04:52:15.288908+00:00,1,0,0,15360
2026-09-27T04:52:16.331636+00:00,0,100,12785,15360
2026-09-27T04:52:16.331636+00:00,1,0,0,15360
2026-09-27T04:52:17.374141+00:00,0,100,12785,15360
2026-09-27T04:52:17.374141+00:00,1,0,0,15360
2026-09-27T04:52:18.419216+00:00,0,100,12785,15360
2026-09-27T04:52:18.419216+00:00,1,0,0,15360
2026-09-27T04:52:19.466862+00:00,0,100,12785,15360
2026-09-27T04:52:19.466862+00:00,1,0,0,15360
2026-09-27T04:52:20.512367+00:00,0,100,12785,15360
2026-09-27T04:52:20.512367+00:00,1,0,0,15360
2026-09-27T04:52:21.555450+00:00,0,100,12785,15360
2026-09-27T04:52:21.555450+00:00,1,0,0,15360
2026-09-27T04:52:22.598918+00:00,0,100,12785,15360
2026-09-27T04:52:22.598918+00:00,1,0,0,15360
2026-09-27T04:52:23.642667+00:00,0,100,12785,15360
2026-09-27T04:52:23.642667+00:00,1,0,0,15360
2026-09-27T04:52:24.685336+00:00,0,100,12785,15360
2026-09-27T04:52:24.685336+00:00,1,0,0,15360
2026-09-27T04:52:25.728821+00:00,0,100,12785,15360
2026-09-27T04:52:25.728821+00:00,1,0,0,15360
2026-09-27T04:52:26.774493+00:00,0,100,12785,15360
2026-09-27T04:52:26.774493+00:00,1,0,0,15360
